beta,pers,epsilon1,epsilon2,alpha1,alpha2,alpha3,scale1,scale3,kaps,participant
0.0596396151417185,1.75042701988517,0.735044954170839,9.97256201819629,1.43531545226708,0.690401226606653,-1.3396287151098,0.0798219563405836,0.608572174680999,0.0923608659476633,3
0.0878747926042761,2.75485815769861,0.399632058592808,8.18695979368665,0.960997275834619,0.685766719384294,-0.864837458933376,0.263713014769229,0.232612084244671,0.347945542381405,4
0.0975594909355779,2.40565786710916,0.730308558130854,45.134030133653,1.76071743504231,-0.055256918661698,-0.354258888957612,0.11035641169722,0.868992145836052,0.0944637639893093,5
0.0587240762123122,2.3640322894858,0.462064966826067,34.4337876866433,1.44257722477197,1.1922042032712,-0.674134832546739,0.0714606676165984,0.885524294035331,0.0770614605266261,6
0.0881838912652666,2.10580031602329,0.929239801963809,9.5581857335386,1.15813386355598,1.1455291074791,-1.68504379543089,0.0241552253013787,0.6042936234136,0.0201672949556545,8
0.109688133195786,1.49118264410957,0.385733858816646,12.445574795827,1.06048399871594,0.282164986118364,-0.851665394849915,0.0608907990404732,0.688972897009066,0.0125868393467651,9
0.0562442688589403,1.51601749813873,0.499053677144442,35.179800751536,1.40021885928863,0.807969331208072,-1.38711400079848,0.256019812285866,0.4557501623346,0.117310195441687,10
0.10543694224792,2.24654855946281,0.563344312498352,3.04423547968495,0.944777168693818,0.664070710230979,-0.685987461442994,0.0544321466238799,0.745066006926933,0.119891065116925,14
0.0542297114477903,1.304941181747,0.719708777919461,28.0221576272967,1.77670623381038,1.68338585234025,-1.26506663399639,0.0246828674621828,0.867195669175642,0.0261936436915496,15
0.0651145379195801,2.44912588426412,0.425268313971322,13.4961290737263,1.33841328652844,1.02174577304335,-0.782113092768952,0.247692777296869,0.843794674955782,0.045409074993627,16
0.059613494741632,1.95152106136032,0.584982074328122,31.0456338848405,1.2360497725737,1.20845257960072,-0.917852404720771,0.172889315444843,0.831698291626888,0.320006021698895,17
0.0551408143335523,1.22647392872457,0.755623810188671,12.4025585572509,1.4539499344523,0.936637086976911,-0.829425883478469,0.178920929804661,0.742548513401919,0.0733964746155559,28
0.0944201469152413,1.66470850616135,0.742032015582443,7.87304834565169,1.08490780630748,0.114170509535129,-0.437880650404206,0.472573713909282,0.377477154651442,0.0632620573165084,32
0.0743333851000516,1.34729906897474,0.501129039989813,2.55208108082883,1.28684924520062,0.745474952294861,-0.792042932958174,0.195542591178557,0.704027608672024,0.164518173600069,36
0.0815611274001805,3.26236337278684,0.43725621316324,14.5531836731482,1.09457711238555,0.86936004651852,-0.723377058633888,0.0540512093555226,0.836267245198808,0.00927820082921361,37
0.0889369753571969,2.35218734490501,0.647459470529562,5.3192795279113,1.11946823438582,1.31596333401124,-0.815567946161796,0.051715706593162,0.816447579479139,0.0362389217009023,40
0.0515602515752483,1.81740448635549,0.655848074715184,84.8516785656942,0.914364216356466,0.330142708200013,-0.293138547350227,0.21226670191554,0.377747375185193,0.0272016850676717,42
0.0617465861396767,2.85174965130877,1.34877222486991,15.6595530215508,1.89648418624111,0.348326974113207,-1.03184564026235,0.0523807410992282,0.670176727764403,0.0785686612405982,46
0.0823515560557321,2.54465820141594,0.718039561943738,26.2871157089757,1.10291020102913,0.95952819397736,-1.3151744883992,0.0650770249342953,0.376364235041789,0.0336671623748147,47
0.0546870602632446,2.30047279262765,0.837472928892955,14.6401990017027,1.32264105357298,1.45987988471572,-0.656888010704917,0.0552924332269112,0.88598322308845,0.0503075815270524,48
0.0437321091613911,1.01615190165279,0.51142084883772,18.6860408432826,1.05915881422896,0.13649281160674,0.251207951015082,0.349363889936709,0.244050679352919,0.317822695367274,49
0.0336710303422594,2.06230521634654,0.64200897808093,19.9773042322893,0.984085952307743,0.455792951026602,0.11866055817686,0.146477015956945,0.640650622334735,0.120688076875462,51
0.0940047661084611,2.46644150542878,1.11871979721855,14.0809638740101,1.65292834912673,0.677639969821166,-1.32388095573556,0.031642930678312,0.758984255609725,0.042588979213254,52
0.0617588500703344,1.52441937287417,0.863739636745266,32.996804350894,0.937947835244116,1.00905217879459,-0.750515232360087,0.0749827837932748,0.66014188816422,0.366166501185431,69
0.106108408850373,1.9079555719097,0.339878322012013,24.1435178403201,1.28109889942221,0.774372236208294,-1.15709734644669,0.0880214997337249,0.628177792248839,0.156036804108663,72
0.0599795087599743,2.04277004518295,0.516479805715163,12.0515925643472,1.54911666723065,-0.140642112809896,-0.4360469598046,0.116868105924826,0.570509575436587,0.0877360407790279,74
0.0733072091856536,2.6458020229838,0.524763432354108,1.96565771520165,1.38710845764589,0.321084229902727,-0.371292082912531,0.0570743407202856,0.782836897919121,0.0906533489630153,75
0.0420620568759216,1.51497072308585,0.52880425277139,70.9237830144881,1.08302958384987,0.751879619206651,-0.851536798112817,0.209470718472413,0.70264830104309,0.518035835082086,77
0.0778306557235396,2.42180289472133,0.265106967514254,6.29934129282332,1.58887337334048,0.616208158200173,-0.799532925404874,0.105940036053042,0.729209161713832,0.112856079277525,79
0.101382967912005,2.83219509776496,0.785978526176561,11.2385139368398,1.32673009212425,0.518885043146571,-0.696061946324889,0.0791785493066555,0.798984522740795,0.0615163968850074,85
0.0546688510275805,1.96275315118888,0.407227566645802,4.06924605184468,0.899983787288855,1.02214180137724,-0.0804046207779689,0.229234793140823,0.604060143657185,0.0274247696712936,87
0.086120911731864,1.72169393432831,0.465245622947737,19.0235055690834,0.8676145068167,0.316060716073388,-0.0801727767650058,0.0731212854245292,0.719361310029204,0.0562463259289811,88
0.0540364297647946,1.0040743964565,0.686403998912623,22.9597875155369,1.35354422031467,0.724289962967916,-0.915604563163569,0.050983392424925,0.767881896756979,0.028376102817763,90
0.0513649034921079,2.66270030818145,0.607442335651831,17.2159918610987,1.89247724362648,0.704728936688025,-1.35962254947198,0.223363209771416,0.557643222343198,0.185489058150594,95
0.0584546158193432,3.92584287056351,0.551399266238565,38.7760649445722,1.32199840748082,0.949247675698403,-0.63507858729679,0.0616298873625477,0.84707531586512,0.0342056510111463,218
0.0626598274799755,3.32384602166601,0.479934824935206,25.5966132637786,1.87338292010621,0.377322533118899,-0.854675712557267,0.0758473441227354,0.748915763037085,0.0836581170404173,219
0.139830911141048,2.34906408759035,0.450772005025525,4.10126053614582,1.44017292381499,0.51539672143779,-0.377614422945143,0.0361539428180893,0.819540459680942,0.0206935521644643,220
0.0924540645878714,1.87876470907385,0.682838398473602,13.8927459451376,1.19199385192256,0.489323881208273,-0.933813095478854,0.0459565458831373,0.764934506422879,0.0191747885097039,221
0.097207653706767,3.67237775234346,0.411314019635095,10.4490166818522,1.14489035831539,0.462552488679286,-0.531762182460203,0.406534123848282,0.673270040402977,0.35654291220131,223
0.0744026482449101,2.81716551533616,0.682603135395603,15.3110362216497,1.62122823616211,0.33620041579247,-0.756499452100872,0.0606764887465434,0.818900075154137,0.0635141573973949,225
0.0586489861569959,1.97282901819458,0.877028082296426,16.296290873503,1.42592927532126,1.11303935491439,-1.0652173029286,0.0687184607889333,0.820944330916068,0.0903653784779936,226
0.0427502675767318,2.74906027100979,0.698585086557867,46.242542739864,1.14481013345393,0.374670294184121,-0.509455304813343,0.0839796903002158,0.627268162524453,0.0781520151513878,229
0.0902944387423578,3.51657013210344,0.999816812335642,3.88500749556039,1.03580149711405,0.785736713210516,-1.33541614230467,0.0705854814012826,0.260676644477228,0.160020681152481,230
0.073020509935722,2.33969539801649,0.685736512661217,41.937113290882,1.62882980747726,0.790758731370725,-0.948703496988167,0.0937110554459091,0.855493256046458,0.0402434109374885,232
0.0385470318829098,2.19764478423394,0.582467118865808,18.4267720701326,1.25820930784342,0.166648463964473,-0.030512998856806,0.338282755733148,0.6261218076827,0.0875100893097181,233
0.109435646783242,3.05069250983694,0.700774920444056,1.73647703844257,1.16099126029239,0.596900190264747,-0.46527659964049,0.0526941306294493,0.613231403791995,0.154867472397774,234
0.102749144867605,2.19190716212769,0.566101483699834,6.23536973175668,1.12350292249298,0.853560951019559,-1.07863569746551,0.0580489454111722,0.806382724511853,0.114372692012301,242
0.0852155437605627,1.5953564953697,0.592306595083651,6.76351094035634,1.19710194083746,0.990514681724163,-0.557014188965613,0.101129233618461,0.877696110522134,0.0768754609487376,243
0.0653769016202363,2.96154278282999,0.408589725107885,43.4369651392809,1.45346488000082,0.697847844710124,-0.953763868925014,0.0686727751999716,0.826549214941411,0.0251290997007286,245
0.0662596498346936,1.59674368429544,0.450028098422506,25.955538161936,1.33516137520948,0.635170393406428,-1.18183576773777,0.136260428930159,0.669081124215711,0.118753914132999,247
0.12021183622621,1.93162080639585,0.399872413210142,8.31875538252391,1.39022160161937,0.750647811196114,-0.783301993884205,0.0763246140026141,0.881033561542461,0.0602112921111523,248
0.0811066088033069,2.34164290589944,0.448592399222332,7.71915455291631,1.78214404935233,0.65426098875665,-0.971865641432159,0.329607098127591,0.800812510870417,0.313024016598146,250
0.0958921522007631,2.7163527264139,0.649018446682878,4.44462397442657,1.53521433486625,0.523109258957651,-0.899332989871267,0.0683688953997022,0.687196470488482,0.050267147430173,253
0.0662257728877758,1.37856016252755,0.43741566922394,4.43977716222455,1.0709040499311,1.37610820054698,-1.21809494924983,0.679601295631131,0.677494256299356,0.0199805982724878,255
0.0788629916178278,2.39446584968135,0.440205904250192,6.70334193789895,1.54232181429804,1.13339311557993,-1.28516538729613,0.0408982055309518,0.801030011353772,0.0147015267164839,257
0.0593805172918316,2.54048076519787,0.404430708803635,36.6350506540487,1.58450994685636,-0.0534791737022144,-0.617052526489226,0.0400345223979665,0.593009819257059,0.388894001772647,258
0.0514519452267803,1.25849632300884,0.829824018090752,29.2010262857544,1.74724584898374,0.568421011678925,-0.549054755275918,0.0438734677829309,0.887786207712986,0.0274282461234573,259
0.0550370942746578,0.711575510217453,0.604822767832158,47.5237653128472,0.72055683086403,0.995529073684533,-0.841557466350871,0.436933553468419,0.770420953635287,0.056038641657716,262
0.0801856617566356,1.57635346694402,0.455188088998685,7.60234559977299,1.47474675615612,-0.0745014546746118,-0.650862862674382,0.349554145225053,0.600897857009281,0.0343970254877677,264
0.0593971097436402,2.7531554476432,0.411006685261288,11.9807088525983,1.20693131723657,0.62527165660637,-0.457531314025542,0.162518679248177,0.519515059373836,0.048938905774836,266
0.122939802410434,2.80552635983123,0.822178810897628,5.79283428409149,1.41006815282937,0.0279399081475587,-0.618860543472887,0.0553213450180379,0.700833779217778,0.0358093258407143,270
0.0753764497609186,1.77984644833564,0.464385794519204,5.86329539326978,1.71674211911914,0.274510971248387,-0.231980114374505,0.0883846429345912,0.805554654555315,0.0806799076034646,272
0.0879226190421402,3.35877193514226,0.808581839023382,2.75294162864717,1.33724204086205,0.687714427609409,-0.796738829526085,0.048622779271501,0.744194744757954,0.0581462336833182,273
0.122464068661201,2.94488257609468,0.469308143738473,2.19092891511548,1.07078621952146,1.01706004981983,-1.18313236772584,0.0699940717295028,0.64151554311142,0.315408765878624,274
0.0620535026296093,2.88999983747925,0.530470462358685,10.2048615742721,1.18361696231364,0.57890400197068,-0.803617780956579,0.299265331004357,0.494167718984146,0.0999072782853903,276
0.0588227483778763,2.97315996648597,0.759622095997392,18.3895550534036,1.749407558249,0.314073690642436,-1.08105168543714,0.0974027955023054,0.553471807012303,0.0818600006736461,277
0.112268705728672,2.69090570147885,0.39669427313497,18.1418939680194,1.09458061480815,0.515168706888492,-0.562918038925426,0.0833520392579021,0.822014801984494,0.0988557207101359,278
0.0397712236568303,1.2032420486202,0.781835551327571,12.510324296416,1.28749954348948,1.17511747009806,-1.32802590284957,0.10898561590771,0.27623112432087,0.186513125437375,280
0.0938164932283216,2.2740346412797,0.290456616285292,7.19067012500561,1.13448944264928,0.0882921908035401,-0.47444438446994,0.0432721212274781,0.770637529834804,0.0148443930386211,281
0.0839998486664393,1.63374297012137,0.512178301706071,5.57696749121196,1.65168016413492,0.217098421656231,-0.716137107974862,0.186038487945664,0.684474206934776,0.103233378962305,283
0.0743843681056484,2.6674137127016,0.430875136072983,28.705086032631,1.11532805876661,0.767911284137946,-0.890460117493821,0.303118869116029,0.713453515551844,0.0789782366336137,287
0.0613885097783605,1.40179737797471,0.718157998241003,25.4996219211838,1.11667812629369,1.01706148743436,-1.31352472863631,0.277007664081298,0.361297606159282,0.0746928839490009,290
0.0941991512550442,2.17581116801148,0.8433525363097,3.14753015549858,1.14022480573902,0.64043664857432,0.18495379786276,0.583427372419333,0.827802492307199,0.0171500541845247,294
0.0391225891773398,2.38481993830247,0.630762503626112,40.3395214429788,1.24385854336293,1.06777001722861,-1.08783346562835,0.165207874872578,0.676687476234975,0.0675719527783878,296
0.078357502605377,1.3613539211761,0.81160384725046,12.3237874198507,1.01779836671083,1.08568587940529,-0.828587172808183,0.16717957972697,0.747517788075747,0.560624418933558,298
0.0708312712010445,0.988760953001658,0.717324327275429,11.1392607182473,1.12974037011027,0.754941494896852,-0.525799473545725,0.0902398832540912,0.710727046818191,0.261035758769871,299
0.083632093830385,3.2852283269975,0.432135305666434,37.8070301696347,1.26263317139159,1.17897535268497,-1.11518866759094,0.0638000841513622,0.874005171967515,0.0238544301135118,300
0.0996042048263253,2.09863767210403,0.807366888390769,7.80720352723335,1.46639884378921,0.647638560692874,-0.746216675404191,0.0241865046466044,0.837621212245992,0.0208035972997903,301
0.079878453733379,1.95849039918034,0.423843493024689,35.2695967030693,1.44557668170018,0.310307582920129,-1.08318660398967,0.15170186517294,0.509099848089851,0.0462178269405595,303
0.0498850561119258,1.25125383750147,0.563110201434957,2.16333645989152,0.832541876762976,0.872597614927535,-0.244528804787947,0.75348404326598,0.699976662166782,0.108006944202271,305
0.0887081319166442,2.42296454221312,0.489391138474037,23.9607476758432,1.48183675325966,0.775699949046184,-0.782774116137757,0.0403719367307639,0.859668230328982,0.0207197630350005,307
0.114819245751191,2.23173350824731,0.59043211956912,5.2975984644104,1.65921843920211,0.556261731955596,-0.975870911162344,0.0560418546224707,0.818014543284226,0.0273180948707273,309
0.0653220951857818,0.99310625367659,0.631566215121197,7.17340271665881,0.807841924792543,-0.185326717965271,-0.330092314761082,0.0819471054691835,0.636414225819937,0.115204095496722,311
0.0898600654725488,1.22961731275382,0.448423454048196,19.2171155908497,1.47738508421398,0.264375613647411,-0.957143670804817,0.0899618786601659,0.678705541601445,0.218980749513463,313
0.0673304227024362,1.85194916148671,0.760969742440485,35.6062314413587,1.34636820351194,0.615635392829204,-0.389175749093044,0.043615393933941,0.887401049679024,0.0170492261844857,314
0.0617004221130426,2.99679597238643,0.666942326245582,19.7410856788992,1.42862387886646,0.585289047800367,-0.883255743583161,0.126257108038343,0.668216882214003,0.10559998981895,316
0.0884062385393925,2.05619718158864,0.47664932799165,53.4978108182987,0.837647109281015,1.04152316319742,-1.1843003971888,0.109363167664744,0.426213561463104,0.0466167776884525,317
0.0452530980578034,1.37773151824943,0.897063825848458,72.5336388358912,1.15896626617152,0.224304754960377,-0.544678637648711,0.164169479696883,0.38136057409856,0.13191384177227,318
0.079501450381534,2.18642408041057,0.915585564238716,55.4091046117362,1.77972533143212,0.181677319194274,-0.563705393671286,0.0481374040808761,0.866292843575787,0.0682099921450182,319
0.0764550540309839,2.81770015792543,0.830119807105216,6.80581443861735,1.2944049995242,0.600313052296717,-0.989368752902132,0.0964930576819577,0.492527395167134,0.100960748088737,321
0.0637844701238824,1.60738735160911,0.473854543553665,13.8031281293914,1.4144373047905,1.04541177505552,-0.69324237186915,0.0975013192304587,0.839591664653545,0.049332489368344,323
0.0535712415873485,1.12100745594687,0.570434744322646,8.47474049759547,1.479205753051,0.799231908736936,-0.792389616248724,0.437707976571501,0.820445746174438,0.0648608215025465,334
0.114494837168382,2.49981010369119,0.483794632596545,12.0616381884616,0.82763326083896,0.948916809052548,-0.544123858509702,0.0490551575717759,0.801599473646331,0.0145356354839724,335
0.0778220564214776,2.69618946073397,0.697969891752743,36.7462269112647,1.37004933741292,0.881666109906255,-0.802610316354578,0.119001013004229,0.862634365207377,0.0493159050799389,336
0.0519636170871204,3.33829994274916,0.677112882261142,6.56944354355113,1.37891010489586,0.70207446939153,-0.393656075031443,0.15335339690219,0.660795791825487,0.219769388630375,338
0.0642531232724622,1.31484320034462,0.513495162000707,5.09953996448863,1.68523095715543,1.08334551220317,-0.196211178247935,0.0809950989473797,0.848628174613577,0.0783578139582295,340
0.0679571944699496,2.38628352975244,0.853724102755325,13.4160737431879,1.41080093519089,0.715101598324896,-0.959353181666184,0.0512605231101342,0.798379381253016,0.0911804310241603,341
0.0720402638026202,2.03784087034954,0.814185326117627,28.2661094223292,1.47832921010117,1.08774905881357,-1.05571089000752,0.0549398945761645,0.886708866648367,0.0581093957455243,343
0.0860821763430507,1.8868234175594,0.408891129280977,22.609807489211,1.18902083409913,0.619906820609321,-1.08654142829309,0.136445761289157,0.521746168278921,0.0425443421154951,344
0.0795184306961586,3.05011939425345,0.604787293878589,36.12567941393,1.34332618810165,0.841407559196049,-0.816164291022804,0.0993470749429881,0.835660899639375,0.27521126280141,345
0.124815731784181,2.19912373312619,0.469760445518389,7.2369388836067,1.3816655373423,0.588620475032313,-0.714214543952998,0.0452795511022898,0.856741467506161,0.0221769254415277,346
0.0465781046851478,0.695647849446325,0.407134867316191,2.01723683346514,1.0147434296168,1.03158500710971,-0.758679079395541,0.280912842425222,0.692093955517723,0.075480579203748,347
0.0689242376229514,2.16197655591934,0.463990326722613,22.8360799636346,1.61263157932816,1.03440405763182,-0.853773276484113,0.159994915808601,0.863627585029643,0.118516637980491,349
0.0987798517390442,1.90317902740174,0.690505786057507,5.00139845619162,1.19262882738284,0.176725385069291,-0.539107671974328,0.0936466241484652,0.587866298961635,0.195462804065896,350
0.0973653518229688,2.96216453509364,0.555572311061399,5.42508667407019,1.21959041100228,0.589330349730345,-0.394929459347105,0.0540693922961637,0.705045348231611,0.300104881367708,352
0.0613121892270604,2.54511497803888,0.899746264273872,44.6097953862825,1.28929473380039,0.473687909427944,-0.680783015278742,0.0441688498020891,0.771664865031484,0.0380403847655203,354
0.0847779751429992,2.37861548161037,0.753387080792316,5.88821879183767,1.1364046164687,0.892044269739272,-0.45178495621348,0.509186836977328,0.843622480908527,0.0564980242410547,357
0.0944491964925284,2.50106042000241,0.603292810150947,3.73910388992547,1.2994775069098,0.0511416652294874,-0.0523541442778929,0.533246034797816,0.697117393956134,0.0663010428682676,358
0.0804315952885638,2.44491660653322,0.610442929999624,25.3952642832109,1.45003038376124,0.565453327502396,-1.0023962999612,0.0446068629815032,0.788891957675166,0.0329324716418746,361
0.0593328439514607,1.66525240698425,0.68558435707201,9.100036698559,1.31840247789382,1.17978992029113,-0.748457319436927,0.471593874287268,0.857524924219028,0.0314248014953954,362
0.0915609370133958,2.1371416692815,0.598405741577246,5.13595991127529,1.6691290626632,0.576160607918409,-0.55620379038581,0.156741315938078,0.814481020916725,0.204916578630048,363
0.0713155253918489,3.09861683898155,0.515888715577267,34.1475977133871,1.38076724465933,0.990817510476322,-1.00544079502267,0.107604826041547,0.82486569885575,0.299395448232936,365
0.0953430384543232,1.95913010610243,0.526067293449058,12.9421086704396,1.3122668132229,0.667860451619821,-1.2225063178413,0.0710160043953277,0.653256652258642,0.0719090609701422,367
0.113882658770102,2.47846138928902,1.07915101325092,3.54007844717795,1.74818809113828,0.515985604619121,-1.04930311338732,0.0500553964435982,0.730354118578428,0.104795799810009,370
0.109285339003256,2.11369575485745,0.462034626243224,14.1828524563898,1.26196074354619,0.14628746852271,-0.746612360234147,0.244426549151365,0.409605444380742,0.0671026662965065,372
0.0798422385446582,3.42648907872088,0.52405082578708,9.20561936561815,1.34525383110261,0.516180905628814,-0.488212865589684,0.22661662427563,0.627920300530534,0.128357767403887,373
0.0965239228027902,2.39548848809811,0.694034353243262,8.30297906912167,1.15160213977334,0.725179514082548,-0.673866815180578,0.0731195602378442,0.807638676021691,0.125928646381675,374
0.0598052515049906,2.38438897453249,0.582268378873034,17.1597294754931,1.60039856154451,0.607276265242013,-0.624893875555565,0.046689645759906,0.815890669341242,0.0151967032094347,375
0.0850238014072894,2.56810992283726,0.483446207989073,4.68229159316979,1.49046339871492,0.346394402282761,-0.0781050815617815,0.165419032844367,0.764871439433713,0.34181331272584,376
0.104758954933607,2.05327583571397,0.64581325796938,13.4001315639826,1.4476827363158,0.883860194265053,-0.978070853380229,0.0466709736211445,0.87654532959199,0.0191556708279092,380
0.0926216086862759,2.04401781922197,0.575687194425128,9.63714087339401,1.30803773337379,0.757962142205292,-1.14428247265238,0.385031993656669,0.204734944218618,0.090865394016837,382
0.0524923036795226,1.30218319115858,0.585344069082215,2.6415991240511,1.4847283786089,0.111481194271457,-0.487395199062424,0.0966964167373537,0.588815729050296,0.18391639990851,386
0.0866564638520851,2.94607314800908,0.644420529251744,37.0881363286562,1.21685312725562,0.72111029586977,-0.966712909498552,0.119274542841269,0.648261187076152,0.319177410911027,387
0.124091640061555,2.14343259814882,0.377495774178124,1.62554304946101,1.27838387596649,0.405991006186272,-0.481628965738012,0.127347797031457,0.761656898123157,0.383046912323559,390
0.0551281169874555,0.617851713778903,1.00929765525577,9.27926467984083,1.01475667798113,0.995715700304661,-0.0586554474034004,0.392241411090816,0.482052538177357,0.0806285184934481,391
0.0695852350266264,3.26242920613682,0.476388030480207,51.6767127717299,1.04484931572947,0.304328640473484,-0.365141940272092,0.341425469351045,0.51644314705055,0.273387996237782,397
0.0750243895224294,2.79434387129021,0.781202747831878,6.05368691284243,1.03189764063952,0.591800837516855,-0.902341113053386,0.0845634814385652,0.581393035751233,0.186396864140675,398
0.0567827449296533,2.51921924584305,0.597009839069662,12.5278195525247,1.25440561039053,0.827383483820129,-0.119853998352542,0.28024109960705,0.848159058628522,0.0981736436898025,399
0.0635521248358158,2.18789732780667,0.534558599177734,9.88258263636193,0.923089268289318,0.322392974173631,-0.31872579885333,0.395253482433717,0.748399048796136,0.0245905470763369,401
0.069508333145313,2.0343218206,0.543314636041105,15.2968194571853,1.91491632711812,0.283543021762597,-1.18019199926879,0.15896678088783,0.751187727852409,0.223906416805373,402
0.0950836407900307,2.15891663203737,0.586392681115762,3.62192677150222,1.31648707782402,0.343000240072504,-0.806363745148211,0.0812644147734279,0.517859953841679,0.0816902015158713,403
0.0870937272016104,2.36354231795715,0.509382455825245,4.43408718162826,1.46105264935208,0.226849288302473,-0.581337005666857,0.0596576717862258,0.743312437802888,0.0445281331170514,404
0.0409847781269334,1.68915468439548,0.527723548693206,38.2886825694774,1.49595661140204,0.719564074926829,-0.864007957722321,0.342991335399737,0.26507242626488,0.300861204613717,405
0.0875414043445461,1.39900999865863,0.759389127736488,13.3453177686527,1.17319734652379,0.992847019474292,-1.29272852893265,0.0563434620452783,0.811657714531695,0.0197564155015076,406
0.0681259184929048,2.04651212523671,0.728107906176502,3.48051798424309,1.17614586487947,0.621308345310268,-0.212087576593036,0.523082051366664,0.791719665794828,0.0283031032180545,407
0.0966808121538717,1.56922593895735,0.42403806897817,5.00942435429253,1.36968016688993,0.666052008471125,-0.722512395633525,0.0602401918640213,0.873586801452846,0.24222588218179,408
0.0962478617897416,2.42423571589273,0.679525285831156,6.83778915432929,1.48630779253343,0.554579486426691,-0.626338197811441,0.102668909396816,0.818359541526932,0.0732652316939688,414
0.0498866468248261,1.58148893140984,1.32120849347599,18.8672022626959,1.74824063646449,0.939391021366005,-1.26554407707846,0.0494968563098745,0.794888858072923,0.0804152203153641,418
0.0739079055937917,2.43827452293723,0.666213701012474,29.023065855786,1.41960943022707,0.686431247644,-0.794158355464655,0.0685748786371673,0.810517446342707,0.105736235771614,421
0.0833364503770998,2.80875827908557,0.553242194862118,20.0434125228159,0.964639124848255,0.530826315694547,-0.576136910451643,0.185639677820891,0.629845320043704,0.103391964945559,424
0.10065707498263,1.87165673156178,0.74567997155866,1.74899814118411,1.57167116245694,0.385975738896821,-1.10781871209956,0.0613047323569198,0.619248475500307,0.089065228987349,431
0.0767999534934509,2.0837185465682,0.468090153239328,2.80998151235804,1.46563642425535,0.511966229154389,-0.655269102633339,0.394292600135195,0.653310814963987,0.281070769106542,432
0.127760312107589,2.73112004262074,0.505050036314502,39.3778998656206,1.428224731828,0.377835469361827,-0.888622154582889,0.15362926095198,0.200637777318577,0.0302032223922615,434
0.0757174740808731,1.66960742164733,0.649614864545931,45.6524557043775,1.36727020719882,0.914943866100429,-1.08946584096241,0.100241237659361,0.826365177241388,0.213537676016284,435
0.0909295720370162,2.15366130490624,0.554644152600485,2.97905903730815,1.41516187392655,-0.204359403981595,-0.725400042274581,0.106798879193803,0.608595331605773,0.203557828867318,442
0.0651711641156919,1.54058676933893,0.582298600354951,22.7258728814879,0.624149241908016,0.471032198021,-0.408050447414249,0.144200558265292,0.369796802622597,0.0437512943544505,445
0.0690665252366244,2.57168602111981,0.680568563042551,5.56670417669202,0.679956281860126,0.587852198863518,-0.123556216499356,0.0750964817858788,0.730900458368027,0.13271311317337,452
0.0675059515182351,2.36530177515253,0.507718076645641,4.64900774282792,1.70512013981404,0.805355865648064,-1.40233595982919,0.0748068125487265,0.693493148335449,0.138376225724085,457
0.0557279268018885,0.561461998562964,0.361623133573507,9.04674395571277,0.972702773696535,-0.221779858926112,-0.341747721194807,0.063905809081864,0.488693672440625,0.0835542599348029,458
0.0933961642253952,1.37555928068146,0.438586080938496,5.84759768596913,1.21013802821559,0.226522401973502,-0.65487317799966,0.117985973099272,0.70297049957059,0.0610436164593728,459
0.0962143517252324,2.00004427679795,0.747616096592219,6.53952760251605,1.56648440736505,0.113438570244299,-0.961347134671838,0.0765046820006668,0.38731264697419,0.0703471068348619,460
0.0978972466044961,1.94419721600451,0.448824952423251,9.16949065850009,1.19132554499151,1.04692204997769,-0.49229134202994,0.190521393467723,0.877318068407873,0.290518314813449,461
0.0623648461978228,2.23696945330265,0.541504016594421,6.11624665614385,1.00485535113411,1.29227444508538,-0.998749437707835,0.0781316637543475,0.706764881504143,0.18120164566695,462
0.109000189915068,2.62042731835081,0.528646877365593,19.6407992486653,1.34455613411941,0.950046590911204,-1.35015281083106,0.0338002768254693,0.868118784735899,0.0128251907273459,463
0.0841518102728866,2.78694464135824,0.568374360383424,27.8247466226596,1.44464182978956,0.634928077885022,-1.1326194110301,0.107908183701614,0.703658552867251,0.0463579374468283,466
0.116333285463726,2.66169673895743,0.387081330927388,14.7663787238164,1.20477821998232,0.380369250054709,-0.694799210948508,0.144616616986958,0.701398566467515,0.0503483782484892,467
0.109671476596731,2.69353358749629,0.449556172394674,13.0578111398293,1.56045010111174,0.199020763229877,-0.821957820843845,0.0667690166515012,0.840228728363784,0.0257619872446677,469
0.0900938655406378,2.32174407564455,0.617673360608502,1.31372825991162,1.44161262126402,-0.0504322370481097,-0.43391110041572,0.139150904637323,0.72936259900477,0.226491139384222,473
0.0406515878727659,2.15221159070715,0.941925109053893,30.4254011817483,1.47452851740568,0.670707030602452,0.13581066617193,0.0996879026764747,0.838242816412832,0.0674505401966543,476
0.0614534681735848,2.16564184303713,1.11411258409767,55.134518084332,1.29396040404695,0.845229700865309,-0.225935304793689,0.0801500770017117,0.872911064914966,0.173151068125913,479
0.0418969763852139,1.65937945179668,0.834891948840756,15.9450332243609,1.35079580561189,1.25078082728728,-0.83020705094412,0.122633183268982,0.720397439000493,0.146240838775991,481
0.0793172708846517,2.95880123820073,0.401949342020051,27.5557296545501,1.5860924360178,0.586680110216338,-1.25578283494926,0.0861904489963517,0.722610234120721,0.0118810889209054,482
0.0653046381900081,3.75656958875201,0.576139023648972,21.9754697511728,1.47551310625558,0.908500878159799,-1.36651544000748,0.121869310176782,0.257424531964566,0.0873595723819569,484
0.0707640485120258,1.96698099818524,0.679839635607696,5.36688437965244,1.21633158266351,0.833544583648006,-0.638452990553445,0.288548326581455,0.763112276645581,0.0459779039267727,485
0.0318645348926347,1.16691071521647,0.743519502594146,5.89253430350681,0.986395566987918,1.42771995276337,-0.399164149255667,0.173805538751046,0.616422972122476,0.139327870667657,486
0.0728523158106158,2.338937016476,0.596796330405988,7.72041404860795,1.64863989939104,0.203354445400311,-0.898083444398512,0.186425433331446,0.651870613145823,0.263760350166664,487
0.0743140393404233,2.83676764345401,0.703922386980656,29.6674259196221,1.63084707867695,0.391893061090281,-1.26231965656703,0.0530929883208077,0.344640557953985,0.0873020597174554,488
0.0754937389475599,2.46078310794174,0.533516744398787,24.2760319701638,0.768134414137372,0.994525440102956,-0.936452446661744,0.123168230002325,0.273721587360443,0.137899195013957,489
0.117460252411597,1.99943602969454,0.445300385826753,7.2494700484127,1.41423970902337,0.14190529505191,-0.347735444211399,0.0523036869408202,0.835931024611377,0.124722591032865,490
0.0662940936049939,2.36357893744074,0.421822279762469,14.6508985807508,1.26459118584812,1.23072834971571,-1.42814489534877,0.0474503458374013,0.780382903471567,0.020572541208186,493
0.0480211274099643,1.62899777777521,0.552365801545004,41.9642058997324,1.35257819813049,0.769274528652082,-1.24767066239465,0.19668778750493,0.502352647463703,0.181545831966743,494
0.0596583722852436,1.42964519654989,0.502931114732236,18.894656918107,1.30623110920151,0.752518290524537,-1.1224962593332,0.0768946576467325,0.450920671924352,0.234000479548982,495
0.0770726525846822,2.10350430167639,0.578984744566035,16.7287410468704,1.0035926944809,1.22763266088021,-0.752119999571051,0.117556901925607,0.780718349682898,0.36654681246893,496
0.0836719174187445,1.64722539136519,0.575691936588307,3.83117542467778,1.39010876959563,0.438196193357393,-0.539113733670159,0.122880368132933,0.707991823055234,0.131852638033573,503
0.105380420421246,1.7351314185162,1.10195005342595,22.5436246653054,1.80949724760205,-0.353579254596123,-0.176490417823619,0.145874548552951,0.843802844465165,0.0507593523863744,504
0.085096982087974,2.54641814439181,0.551747501027311,5.56426027560172,1.09127246218606,1.05033265764197,-0.46815636736967,0.127776984861634,0.738111539937361,0.323630473028141,506
0.0809728270732773,2.73519014893488,0.834968547213671,4.57433571665883,1.34072212630001,0.679449310409678,-0.525410579501952,0.079924559457516,0.726434605971031,0.192007668135643,508
0.0748639536447556,2.71001770434314,0.635026154376338,17.6153969042941,1.94048942331346,0.018655456904966,-1.19404666104145,0.19852047395992,0.322135759676766,0.124298791105201,509
0.0921244650000664,2.18500869971238,0.613818158873793,5.50961869059467,1.50559765031439,0.671990173048252,-1.13047615570125,0.0539342747618616,0.79366812505291,0.0514621176388492,510
0.104473646175202,2.84068276367105,0.735899039706062,1.26215586451946,1.27097866583487,0.616617153377773,-0.859595561420879,0.0504670934258499,0.596400259399741,0.108518502438833,511
0.0931837312633426,2.20936293800895,0.54187406391411,21.2272018516305,1.11821707508732,0.44792591638283,-0.698285054004044,0.0485645208284034,0.792099665418007,0.406701968997282,513
0.117097724412288,2.27327537664931,0.517586989495762,9.30878086826742,1.3041690404352,0.459653635405323,-0.340472411720345,0.0518894213720126,0.818613925391603,0.21472513536595,514
0.100637805991565,2.7236484217548,0.604483782070348,35.141964310527,0.963634656052342,1.07277856380141,-0.679146527961477,0.0530281157658492,0.893387751399845,0.187388165157226,516
0.107310034735105,2.74067523449859,0.430776044915422,44.4953331712282,1.30862658579918,0.758284977778401,-0.711090225304517,0.143654316219666,0.890777207581381,0.0856943723949603,517
0.0877718056869961,1.63686672104379,0.43588810265845,40.6066801991466,1.11887244641646,0.429870162587875,-0.944473080625895,0.0380110191093922,0.506966325348435,0.0203138389529028,524
0.0563377881553404,1.8515147144902,0.765815759476792,18.4546404621153,1.66246227472014,0.277594375628184,-0.523892938445514,0.0540538478022654,0.791872079892184,0.110597316607516,525
0.082900390773264,2.45159635468726,0.374654671451321,5.72030564191304,1.22334343103023,1.09036870003759,-0.990914222900873,0.0644496512857869,0.821870672381534,0.163133679918752,526
0.0893536694878284,2.81365541344701,1.01365998141681,16.8370999440722,1.54821599860587,0.54785640157947,-1.01494196732272,0.0449114230621841,0.814225581655686,0.0416668689640259,527
0.0536921740867611,1.42926579120783,0.404286918671988,60.9741164532936,1.06717669916447,0.516577475114984,-0.781931390896855,0.401643303330396,0.579928695171103,0.0799963357712281,542
0.0553536654675908,1.57681373303171,0.603363266425981,25.8936764221335,1.17544489175794,0.600001520296534,-0.803550084145262,0.110973904163403,0.523800838089123,0.037714443252419,544
0.108360899299039,1.93233647191769,0.314370450779192,3.8448112543918,1.042215499647,0.571275119724361,-1.10558857992134,0.110473012772421,0.543304230291486,0.0304955330575773,549
0.0459582409017767,1.48647437956533,0.91107529208044,19.3969568622575,1.79181381271941,0.887539027501255,-0.764053254418946,0.0951322247486406,0.834391283332975,0.0484460980257865,550
0.0868868419133439,1.80520840431079,0.363691847991118,21.7128813389287,1.46631739843389,0.572334256298714,-0.940339318069315,0.0779896485024146,0.803649141508797,0.336841435422517,551
0.0968556362214343,3.44409906620205,1.24157588411545,7.5932675569,1.60550203235829,0.498441307146707,-0.68046568378329,0.033082178837056,0.852725760507574,0.0299541539648048,552
0.138716841477973,1.89719057167205,0.439699070643987,2.06930499998677,1.75844398713087,-0.199861628003927,0.466404429965707,0.223486031592103,0.777482472147937,0.120457669934744,553
0.0722980294027473,2.47258678072188,0.40157055178361,4.95694751815323,1.55748718114411,0.878960663251474,-1.2346021734906,0.510032162200283,0.697860284806886,0.0194582182726653,556
0.0788017946548411,1.86109531525333,0.649434891365438,4.44958534306186,1.23179697873598,0.508355441997576,-0.349544983115921,0.34487095365536,0.829483953513592,0.183494709992987,560
0.0778270172599489,2.05186609531777,0.709870133588802,2.36064926056373,1.21722268919655,0.20013998431543,0.0271712284562993,0.394134205921468,0.748230420689007,0.333021580227391,562
0.057574940355672,2.79655407715608,0.840019179895226,8.3791255784083,1.66157715914061,0.547268918879264,-0.812982768395281,0.063143819019289,0.788881606477222,0.0375737490324771,565
0.0851384715079662,2.19478823738949,0.554560763805329,26.1387835300137,1.64126421193903,0.225674724551201,-0.800232354238871,0.0608417108854355,0.802852637265188,0.0386632758141109,569
0.104138136081325,2.27574031626421,0.570292713143373,1.57396699816897,1.15972949200101,0.478210755587654,-0.447712517138486,0.121716146455682,0.654174945412478,0.30835212412262,570
0.088104251318598,2.39556062960087,0.348458757456679,5.25538680471081,0.827237188173703,0.742451483812918,-0.326642504684049,0.102789369454195,0.651548039287973,0.0967579232421676,572
0.0858552684282372,2.36241002736581,0.558391962398672,44.7935728590417,1.09431766654837,1.01116575037349,-0.60498877586001,0.0708360462885145,0.895925463544771,0.0447076923640496,574
0.0829111040343145,1.16950673461702,0.745748938737126,19.7224538344028,1.1557647093391,0.629627754204013,-1.16125680225713,0.0906336341913547,0.457280368537046,0.0763974832806919,578
0.072213673342625,2.01679717488564,0.65616146384109,88.9503412311053,0.711941542974594,0.881159284432312,-0.413063638175023,0.613199222239399,0.450550293333714,0.0376378040213941,607
0.0409261798140491,1.63791975379878,0.731263190119115,32.6173141537473,1.00796413285226,0.449393445732266,-0.926438017943153,0.29456062261091,0.623931306540469,0.0667970445284763,608
0.0906768727136131,2.2526240104536,0.756146083271336,34.0767318923959,1.31506531108585,0.472686018954008,-0.266721797651586,0.0791865108539045,0.892883762821306,0.129786540926827,611
0.0871096545628954,2.77402767446003,1.16977732327998,2.26466339623883,1.13588515814589,0.893273793827696,-0.69908331941828,0.0439397156420758,0.572280517147108,0.0842539511787134,616
0.0632059105138046,2.00152577116124,0.418363064143201,51.9733033539164,1.84161268758416,1.10725145988155,-1.04687063642227,0.0679805635095221,0.88749471585178,0.137470402320305,617
0.105304804041209,2.24858128766648,0.711905648446589,8.25579447772102,1.43866896600539,0.345108503237639,-0.522526584678062,0.160144231771925,0.779225191586838,0.26707135067234,619
0.0696327754117802,1.98665911837318,0.705855895581764,10.5611271457516,1.43463186899371,0.596701019292933,-1.11205692387799,0.10779606250205,0.674636615035659,0.240391475522782,620
0.0633865785751054,3.48586916715383,0.599445133446153,5.80418747459529,1.25042422731876,1.17469501255938,-0.396368291695112,0.654710695169449,0.59170725978445,0.0724425789161606,621
0.0742720357500486,2.93021247878783,0.725828076841505,36.0989187483934,1.3383152872531,0.848891434130432,-0.957945720344161,0.108775369817255,0.782529007535243,0.170629583255525,623
0.0997487670470926,2.38762865803747,0.521070803187093,5.8058174710393,1.50060877164965,0.404167126826929,-0.690057806652324,0.0711368716405216,0.831842731525516,0.0512393329938312,626
0.0874637150872479,2.37093190380841,0.380349764257092,75.5456794911497,0.858800336977426,0.353624574743717,-0.283732349840314,0.406277988273901,0.467786610387889,0.0397124410881022,628
0.0820071743133179,3.08905858351928,0.47650172826643,3.41307582032164,1.43707631759584,0.390622218463099,-0.782431563595057,0.178165035954257,0.555043071155173,0.105048901425631,629
0.0689356144689135,2.04513500758974,0.488227719924171,17.4540906690752,0.982466459575088,0.0682101121789878,-0.245833038927506,0.310427205776769,0.49615257734663,0.0265440366068268,630
0.0787361076493949,2.99967063656781,0.398453108411477,17.3860411584134,1.53934926890932,0.700131054086415,-0.743334141401133,0.0986919287516102,0.764245447216981,0.0891483773647047,632
0.0969405184891449,2.16361917501983,0.397210693442934,1.27034092086678,1.07057431810152,1.11754342105382,-0.562580527532665,0.121841987699919,0.764826495896061,0.176308268344853,633
0.0651997856301254,2.0494984453547,0.540673163498507,17.3617300879672,1.65343890975547,0.338660249513513,-1.26946838972953,0.0802048179605801,0.459944301324178,0.055237409034354,634
0.0826192641344726,0.999882037394333,0.436482652711285,14.5066263914369,0.813576370236138,1.39075858165998,-0.85356301663493,0.250120950750911,0.484259602429072,0.15634728223863,637
0.0868500242563307,2.20926957614437,0.481815865315405,22.9641610213788,0.939084939379604,0.718964624506897,-0.355212394530314,0.294038739047516,0.774444180084152,0.321764197802315,639
0.106618427516282,2.5615904180568,0.545418893303551,2.86098047419486,1.16772239980272,0.662333755162759,-0.52531573140801,0.103953526750704,0.711611263613311,0.346449793279045,641
0.0657816946473668,2.19907686145317,0.455176046787989,15.6434094705833,1.00291844625111,1.07093496302161,-0.658893617305619,0.251910555542543,0.804678993469267,0.147051298065467,642
0.10504291834927,1.12453195832252,0.285322322852181,13.3626750659519,1.11589399350228,0.697182796879825,-0.787925460994255,0.0517975946679431,0.657150268258655,0.616739774180374,645
0.0536612030498874,2.44895591268711,0.821324439648939,6.56287270503465,1.2110217713367,0.790873351081623,-1.0845632058669,0.0723637942974225,0.554412639627903,0.215065480355218,646
0.081670516690546,1.86139549828985,0.457870023376608,15.5871712321884,1.16620945511744,0.877805254265447,-0.874683330921799,0.489675428491435,0.720268996829328,0.0369029414961614,647
0.0964630873382542,2.23568653812607,0.495076290214862,29.6200777970502,1.6276193133145,-0.137504969699209,-0.182392944700148,0.0377095365964742,0.851283889932565,0.0225233505889021,648
0.110082977632964,2.24999590413701,0.38501162695616,10.4211011008173,1.3104524640432,0.404137167827324,-1.19587022638974,0.057898394778388,0.610025352520384,0.0425090851494051,649
0.0574122366248286,2.1661188638334,0.56692861875194,14.7938375989248,1.66506460206865,0.844338117400628,-0.853779175304776,0.0796402868932815,0.820985163098852,0.0624213464161309,652
0.0623817861285041,1.08578500785749,0.7563487884775,61.9138535501514,1.16179180893138,0.599922624984648,-0.664119116896551,0.227262903302564,0.607527723249491,0.049096311186406,653
0.0867889439616554,2.88915068988485,0.459695423684696,11.7779282473727,1.28880041030011,0.565147332705972,-1.04895905029226,0.159002548943511,0.708007325418922,0.0145904514359081,658
0.0456972719892247,2.12042017079749,0.609434960505643,13.8392966979014,1.05421330170558,0.97079061828328,-1.11022004904917,0.0733117021567795,0.5739365616577,0.0895888936898611,659
0.0463514629276118,1.31502999837282,0.722043281354434,15.6459741306648,1.51507837004839,1.23537651596184,-0.494250630875598,0.12579121367255,0.872239193977593,0.0619289364239403,660
0.0764929691616879,2.43963930067883,0.902940637971722,4.1558953054255,1.12828309188241,0.620885485833968,-1.10871562038116,0.0822900308774993,0.555896318950452,0.206593651588151,662
0.0798781966859683,2.50373433386375,0.499544469199021,41.3263886520115,1.20045393766179,1.04862432048467,-0.659213019591453,0.134123085231608,0.87602876457464,0.130335779495848,663
0.0881150697577563,2.13562943585137,1.16585573931594,55.8588381770488,1.85705558417816,0.256492570158033,-0.394320389296492,0.0499850846764826,0.880067254793368,0.0342692912708453,14000
0.0702051465369565,1.99192756770688,0.521870024676547,22.607202007664,0.953867917131614,0.779023117076853,-0.409960364679044,0.0279433633865234,0.846485997931306,0.0198837138934425,22000
0.0710084029605255,2.19385858366778,0.657995601864241,6.98074540814905,1.61560034218062,0.219544285962192,-0.378760370466622,0.173207519887642,0.750848224801167,0.300651401487975,23000
0.11043374753211,2.0529242151992,0.396121685694293,2.88554032215062,0.91596285760396,0.74636913221958,-0.20204241193091,0.32218448081386,0.805891218414052,0.132043968336414,24000
0.108555953234795,1.20479949234811,0.297788963160431,53.1180623017144,0.880244008428775,0.755111060843499,-0.971924651202506,0.0731533339514695,0.521168903453613,0.046689520532469,26000
0.0873716458552283,3.04673794229562,0.535250999783423,29.8077897080976,1.43119768632346,0.422658122194245,-1.19688154737565,0.182633473906636,0.291479364088432,0.0536338847897268,28000
0.0767059105394577,3.56641306949622,0.671635885559867,66.9002112855303,1.27787328385877,1.07952918232054,-0.888458283728211,0.0477353184936934,0.887025430687429,0.256386581290563,34000
0.0952482007459256,1.83146574541699,0.489264799510335,25.7515761816427,1.23342915601887,0.475056802995696,-1.03753153392136,0.0808483453980715,0.683778588222385,0.267549931608999,35000
0.0719159056351761,2.5593207566762,0.522251103823976,11.0525365041801,1.26971375513771,0.399118595335202,-0.640311714142345,0.0832298783255729,0.687558248477175,0.0749903001373202,38000
0.0581518186260438,1.9577492013634,0.890265646375187,61.6452712372749,1.60905913840232,1.19011158278985,-0.82662104111697,0.137522855355028,0.910909932436515,0.1588817993736,42000
0.0587563044203392,2.28121629826996,0.585855028005216,45.6027233126316,1.16322541716268,0.346624912885288,-0.624304490995519,0.163368916292164,0.531817562409199,0.0524886103291226,45000
0.0569305779225247,3.81651969755349,1.10488868376554,39.132224128291,1.67427954520988,0.662502796397954,-1.20665011474995,0.0345604760690638,0.661016618916062,0.051916703917825,55000
0.100263576800809,3.09741892083719,0.480982988615902,13.3020580702914,1.30076979775184,0.793887651664444,-1.01656231231972,0.0396424002580903,0.791898971095544,0.0195983664744229,56000
0.0737960421919315,2.86106268302211,0.378801090117056,50.4853085679136,1.57171077128751,0.373581278087364,-0.829788480184886,0.148918043296136,0.77013276136827,0.012268189122856,59000
0.0978079058151247,2.5690436437989,0.544755727424454,94.73644352187,1.65442815077646,0.171724133861336,-0.589167958756019,0.087988214488886,0.892498823433803,0.0953338960964769,61000
0.0863826923416112,2.05285973153425,0.915332107424109,1.63320984513194,1.15960567052945,0.880487602464941,-1.05400639929441,0.0644830320470886,0.488505975289545,0.114625215916743,62000
0.0940842523395315,2.210659319378,0.683228680324458,43.0833179271156,1.22865289612097,1.01767398139877,-0.664794534687748,0.10617953448285,0.905335562103875,0.0623954829839456,64000
0.0940705597385849,1.34951148924793,0.487255277098945,13.8076594489443,1.12546975419598,0.44762471693787,-0.865780366287458,0.0638214790790223,0.722544123010509,0.0341175387465794,76000
0.0672301695543475,2.20119458407958,0.422564053359233,14.0381835235813,0.99277476848498,0.762231285679488,-0.680854306688626,0.135501066595432,0.541905255233611,0.0806560140957333,78000
0.0855229766377385,1.98567573400601,0.431181642226962,16.3486232914961,1.04028681707958,0.457574997715903,-0.903127137960784,0.145291484902028,0.627465380663141,0.517669418100954,82000
0.0584254458357912,1.506843490876,0.390138255755834,26.283269815227,1.04116863346732,0.397167299982321,-0.741362253548737,0.203476086381111,0.603240471641269,0.0781590050867084,83000
0.102749121741018,2.28056193083289,0.548677464153779,16.0037750060958,1.20007331172722,0.027685012851313,-0.372275552420977,0.124037126894343,0.518822774845157,0.0955169286003098,124153
0.105893363812232,1.30471069301616,0.439168563491165,11.359231839607,1.24146577328395,0.855508635886998,-1.53845627363,0.0282018221849594,0.716598638599075,0.0093483360360702,133000
0.0687491699820941,3.37425644719447,0.543589522698764,28.1943696375198,1.8495383663923,0.108305512670399,-1.03504189198409,0.181972986008793,0.211525242089354,0.110377878526409,220000
0.11691976661665,2.56252247860473,0.429077175760665,10.8783325532484,1.3563624858343,0.399598127619918,-0.432384008674375,0.0951414548897838,0.839489851446443,0.0511194987957492,221000
0.0686198816379366,1.73883622058521,0.927007483870324,21.8222892887999,1.80495479235569,0.77577166333027,-1.06070429571143,0.040376716245185,0.846634021972491,0.0473476836748762,224000
0.0647293177514837,2.6010549741326,0.726554152028463,40.122681305989,1.74345329607856,0.866525971769329,-0.727988048761554,0.0667465550697381,0.877287624143005,0.352881058736528,229000
0.0651826935492065,1.75765984047976,0.837441735226806,7.47609245250368,1.51149923644989,0.394662164904188,-1.07969458468881,0.14913452378167,0.353491088076254,0.150731189979499,238000
0.0842546356938095,2.94403593418604,0.645766298826386,32.9571897059673,1.68811520893359,0.190990997248886,-0.591408956495536,0.0478665219181487,0.845048907515889,0.0730389258380389,53976390fdf99b73530fe503
0.0983835725168211,2.04897877291681,0.540036190077344,21.4187888016471,1.39875476862793,0.679205692540016,-1.11259347580086,0.0367503496853108,0.772755565745301,0.0284489330431013,546e8bc6fdf99b2bc7ebd029
0.104544113380393,2.73087545286909,0.416003701864138,4.2711939720068,0.948778377418434,0.454913261608586,-0.507659773919018,0.0855071652566945,0.46601667191468,0.088847535563247,558955ebfdf99b6bd06016c9
0.0857793973401915,1.81227891064797,1.24910496465928,13.2923905495115,1.4326813460997,0.324021759877078,-0.814157185815754,0.0384027376195555,0.754948380761984,0.0406123927738037,559d75befdf99b1e2b2dc522
0.0584938783205,2.2434437082483,0.643298569299738,8.91134969434767,0.884708418266709,0.115865084860011,-0.0924126672321252,0.13028362615532,0.642003240541541,0.313242164911407,56410e7a17bdbe000e2a0af4
0.0769326779716368,2.37744719852323,1.7905287289809,11.9357704307703,1.41745232274124,0.452023678273178,-0.469008119404031,0.0405367862832935,0.752664022268523,0.0357289587946374,5642444817bdbe00062a1129
0.0841910402353999,2.09676869612771,0.889222759052178,7.97887316704216,1.11552187031149,0.25131541613401,-0.286929844447,0.0868469264639211,0.838751290775891,0.0999904443697011,566d5997d408ea00051a2a86
0.0585336494491698,2.27220115820612,0.655253914401289,36.7614578196072,1.10771611467781,1.11372902387334,-0.838735767360568,0.119503241890083,0.831195787071548,0.106835024657264,56896433d3d6a7000ca23d94
0.0918255386897636,2.80080806764803,0.453284675874966,21.6658674379024,1.15227766008259,0.408387647004429,-0.860673807290532,0.164513130890598,0.499406923595813,0.227204440967213,56a346dddbe850000cfd3116
0.0722276791543804,2.86607500186627,0.479714909461803,15.0763486490319,0.965807219668478,1.01763624994673,-0.878852503560383,0.0606956404762232,0.82355432429602,0.23174821301292,56a930c711926500056e6eed
0.0671498744840504,2.93144123328842,0.66066176267481,17.1400818513481,1.13118920865104,0.581486763647856,-0.475961850094747,0.639653184141589,0.728763694570047,0.110964273298093,56d7623f04c67d000c7b9de6
0.090453358600685,1.8942828750999,0.520931885430052,5.0855106093642,1.03723550969029,0.592629966342654,-0.728157002306582,0.143898636049525,0.749332778198965,0.0867301224792649,56e8bf5a870a8e000b4a8d6e
0.0827713643532635,1.94562459949166,0.483135427582806,3.38702444953785,1.41466345430126,0.568248732819874,-0.681654992964914,0.0531713946897402,0.826630208748991,0.0320702948069076,56f699e876348f000c883bba
0.0670197514844088,2.18571888662243,0.618659001117891,2.77832675701246,1.25986953660916,1.10744691171811,-0.550696787346546,0.07657597849824,0.751144538175441,0.0419115027569128,5702fde2d4cf7f00089471f3
0.0714384408579742,2.6587617668864,0.646458403930216,27.6532835858759,0.991141099639854,0.814349498153707,-0.627941470917383,0.0720669822130957,0.768654415445199,0.29398099552077,5717864c94d4fc001297198d
0.0980800012826174,2.49496045148923,0.588305044708368,2.68040082379731,1.07272264032499,0.759018036165926,-0.248994815227475,0.377232260969117,0.773215705235556,0.206784429189259,5721b3054d5b26001301f651
0.0737998108895176,2.16791253049248,0.583314512231205,2.70752011213074,1.0520346724989,1.16666226224008,-0.434483698545987,0.267007981839098,0.716363359082721,0.307922128647945,572f526c3c27e7000e0b8aaa
0.0813359449386511,2.21000175324782,0.392188944523367,33.538961680107,1.53915221589977,0.725174177582566,-0.554273921134109,0.141612666724149,0.900554909284156,0.107511331213134,579e352f4d107800016dd96e
0.0898584618085373,3.34065622351645,0.432245015249619,2.94379149612247,0.976961190987035,0.865500316621671,-0.023677932674513,0.407247223385193,0.706575499407109,0.189991476314296,57b76ea36aeef20001e8928d
0.0750203659512064,2.16053216708503,0.491819253287419,37.772701925426,1.12610988419405,1.1436801935311,-0.42775507189559,0.114929055079518,0.895504156514896,0.164879396665649,57c57ea095a3ea00016e5a14
0.0611531278529401,2.61078825755462,0.751295979027448,7.19478783673013,1.10887351614604,0.470467346090169,-0.461065048582212,0.130800251434487,0.698778504238058,0.256864662146214,58ae37d8e6afe00001d36ac9
0.066045194763537,2.68797278762905,0.588845830042215,6.41098346544794,0.966938441562794,1.35244096069863,-1.19780713542096,0.127405794912119,0.376568718416718,0.279579606597995,5909babdae44b5000105b93d
0.088309023739838,2.81533920871823,0.42494172233932,9.50889284068806,1.57624934673617,0.196875814226856,-0.584387613268262,0.0874825589450284,0.784816276687189,0.315151793378063,596838d501a29d0001de41cc
0.0322696573505355,0.572821375275497,0.740108078720193,130.107596763325,0.917031641254324,0.137941782293915,-1.12826475272772,0.23540689481259,0.343812751856303,0.368249839185975,5988055f631d0c000149a5ac
0.0534329998688914,1.93925594921573,0.599835366282047,24.1543089726657,1.16753951566589,1.06491119829214,-1.18552104753823,0.144546580024712,0.665392750392333,0.123687153514617,598c4b28cceb0f0001b39675
0.0451491977926505,1.6236219817207,0.640975671402182,31.7452546159395,1.13778678092291,0.917748252685992,-1.23651862978231,0.146903831413675,0.622090245883039,0.224024279155627,59a904a19fdf6c0001cba73b
0.0658083373014506,1.62016656183009,0.465530689909178,17.0911751734397,1.09136673533788,0.550619490998403,-0.707250347684332,0.171092436585797,0.36456553536758,0.0636561052948098,59cb95053306be000195be2e
0.101220836756732,1.61996975390438,0.596503209986711,10.3606044248111,0.853375431576774,1.40327575660717,-1.50326419147848,0.132696405478503,0.838768281990033,0.461747034253139,59ccd702faf42e00012b68f5
0.0718115612411855,1.80644693562082,0.419777713999034,59.5628732897938,1.70845852183601,1.02132366193563,-0.850642157172048,0.043646038628338,0.839143668217948,0.0149544127336301,59d3bb3200d4940001817436
0.0505610098117388,2.21506167547358,0.47861859665865,24.2354431450582,1.19366223789006,0.864837376450102,-1.25878701726938,0.19294402240369,0.367194124894112,0.140759641410817,59d418c3b37d52000122ece0
0.0621107815652167,3.14180996828636,0.576408071427914,9.72687283632293,1.8264185501683,0.0168475313944198,-0.790347931965931,0.126662090345661,0.719404866780292,0.357480065375716,59f3a778b47dfc0001b65cf9
0.0671745723488582,2.31803249276675,0.679452732496339,14.7823052606319,1.69075238520314,0.484399039889464,-1.13047710222235,0.109766065635886,0.780445736043467,0.029765563335393,5a0c4184fe645f0001e9f5dd
0.098977388067435,1.64278100421538,0.680477550215447,57.8399285844912,1.45397811929283,0.494139316774236,-0.98087458410475,0.101937997991838,0.304306366870513,0.0922690331187637,5a6110b013898300014b0cbf
0.0483541611303257,1.06533286570319,0.374532386061372,4.95560795264267,1.45266389203326,-0.000732977124199181,-0.139209366093817,0.295325596009885,0.699283845458093,0.0498833528117101,5a7c5a98eea3d300016e1d1e
0.0857051165566732,2.45201880680596,0.496601802236125,20.9256837736932,1.46478738867941,0.0540229578066653,-0.639777987293061,0.218718995492336,0.779091751897082,0.197157119966948,5aeabf2c15a9c300011acbc3
0.0589023864178948,3.19095807038203,0.520949408998644,5.82616521433944,1.92312783997556,0.729011779103324,-1.3841206898534,0.0551114398257769,0.664276655043255,0.0916751671739702,5b182365316c630001abff4f
0.0646982268285526,2.24546687589478,0.550648794682846,28.11432407692,1.70764798656727,0.309867844424601,-1.00397884916024,0.221718007134486,0.39816784997147,0.0594918254259329,5b200bbd325d600001c041c0
0.0564390250964524,2.01264256930647,0.816961038969591,18.9636548786838,1.57630559950926,0.628341063274245,-0.160560584393649,0.114324059801733,0.841470774337913,0.128304642536689,5b2150d538b0be00014137fb
0.100345629740485,2.019090643252,0.895565507178256,37.2729594032876,1.59249301534149,0.467258443051789,-0.75981774627286,0.0611121412859525,0.784806689166989,0.41394951678158,5b3e2334cdb4ce0001d93c51
0.0778659130535741,2.4137255161587,0.82901597740793,21.9856021919436,1.56206847674992,0.699796394607368,-1.32859484927757,0.0459893129605281,0.811517695597192,0.0335620513614123,5b684ef482d9db000118fc0a
0.116036840338309,2.41890762374503,0.583719401933795,6.55477344761318,1.26287798353067,0.49061786982777,-0.410237276827315,0.137015810440089,0.791159474137438,0.0889269003249294,5b7550cb09105000015131ae
0.0697090185719739,2.93744507554054,0.804527681110706,20.4733118298716,1.34204193022323,1.12369783795,-1.36420344781152,0.0382671336366106,0.683588792596719,0.0257340004434225,5b76febccee87f0001f989ac
0.0926728131840769,1.09557352845158,0.793841222757313,4.78869361594806,1.78493141788638,0.177485445191824,-0.839132446846072,0.125480146091046,0.815568772961623,0.0585729703037713,5b97f70161c19e00018db4a8
0.0708732408371493,1.97043258184287,0.513111952767873,10.3142281560977,1.21971225564133,0.0714601930818258,-0.393969645742427,0.253313290070071,0.604385609930737,0.0317843499914376,5bb62f1a3e969700019bd44d
0.0822224822125655,3.32485341165586,0.464744703660253,9.08580353897048,1.6003004667212,0.5736035925055,-1.29437946625974,0.138420859498143,0.650568863189215,0.121768125171466,5bcbb1963c6f9f0001cc747a
0.0937570749500784,2.8563164282313,0.605006259342622,3.37349260956935,1.61181343989481,0.315372244256105,-0.325985696168644,0.100666872874975,0.749029394041641,0.0652766125276836,5bead56b5324b10001c2551c
0.098093851000187,1.57685456214198,0.567515275311006,9.15083279310652,0.926688444821007,1.02023279197929,-0.579606120829678,0.21072807723622,0.839808263489186,0.0869994754608352,5c2e9e4b9396d000016214de
0.0604906584593884,2.42651006479778,1.00364794853789,16.1325899578788,1.82598509272473,0.51295857809965,-1.35906029843112,0.0758152112305314,0.633472177572771,0.0884773536550676,5c388683fb3f0f0001fdf65a
0.0859248910285064,1.80147108729657,0.560264726480838,4.82413869629851,0.982207411540348,0.239684358378946,-0.442018200839882,0.100454659670203,0.702091359613164,0.455682983892019,5c3a4e759e794d000129a225
0.113260392709288,1.83631438612816,0.400124134765419,29.8429293189754,1.16981486917457,0.264078005984435,-0.901852297672647,0.122613602680913,0.43555132093846,0.0293847295757929,5c4b987538878c0001c7883b
0.0778330402426464,2.77901040077858,0.89815443112041,5.22236756778168,1.23041784555348,0.801738624845163,-0.897648957267023,0.109247987277814,0.669557775939924,0.163955038601593,5c4f7b99b33a5300013dbfdd
0.061078132254906,2.61104582985795,0.411735842838481,23.5934262174389,1.13845396696787,0.648038639328768,-0.594426151690891,0.204806145712125,0.73393583766664,0.0504797860744131,5c59baa95e09ea00015521d9
0.0593872374124165,2.08322190487354,0.813633506090316,5.97588242482825,1.37848979589021,0.128815465913066,-0.174309195068095,0.121281870880055,0.738429873987755,0.278271234937366,5c59c22c31d06400019205b4
0.118140555171102,2.36049094877408,0.553312784594076,17.3163798237757,1.30461019452594,0.361474050544728,-0.788647378460386,0.122034351804651,0.168118372627209,0.253964345290532,5c66d6a50d7f5f00014b8ab0
0.140604768876549,1.18630310167852,0.744739473157477,2.32458797676461,1.37568502374013,0.0425662731683099,-0.941446848374576,0.122720825230498,0.318169481706433,0.227829776649692,5c94fd48c97725001643db15
0.0984432885954024,1.10214380642402,0.523421006738552,2.0404242291952,0.617876763516722,0.205539968740598,-0.352407311949669,0.670545723662098,0.785294021729234,0.0203280610522346,5ca0de7d8001d50018c69031
0.0330982781146213,0.901156581151189,0.774575659359177,22.637710432573,1.09824193556313,1.12218022765009,-0.858747678032225,0.0869108221083702,0.594368439806026,0.265242306438808,5cab944b41de360017e2c3db
0.0540686038683769,1.38595477408925,0.70194248717884,16.9371082130197,1.40219612615031,1.10736631782543,-1.42463227276006,0.164281304616543,0.708026837466143,0.150582228845325,5cbb204b3c60c200013314b0
0.0944984641481358,2.31407755290888,0.684201914386595,12.3883324646937,1.35487297803917,0.550632106999597,-0.899466123096173,0.0972501374170329,0.787428656159162,0.0495100161331815,5cdf33619e96db0015aec6a6
0.0826407579087935,3.21200413892926,0.464881121632604,10.5266185843179,1.41323369074394,0.262414431098074,-0.229787336115733,0.199189670459257,0.748207907072576,0.342032010854586,5ceae0b53060280001a063a0
0.0689456088539293,1.8413104576953,0.625329596957638,7.51053546950074,1.21105406459078,0.601237990989319,-0.401043974646646,0.218408328840062,0.837733796466907,0.137658156842995,5cfb459229a6c2001764e10d
0.0529439096906159,2.44362887330771,0.540718232083835,17.8425086350117,1.70049558888474,0.841056701824481,-1.24300924903752,0.0769430038277763,0.80873662340499,0.048998700894707,5d107cf9ee28980016f1a095
0.0593657793834109,2.72261573057538,0.741365957972123,6.17920583079787,1.18628151919855,0.689469521355427,-1.11564431724883,0.120974194290149,0.483124021452789,0.171415336339741,5d25def8bf3bb30001bbf1fa
0.086290661869749,2.62961205070121,0.623659397283382,10.9518037361152,1.12067677449823,0.7062919985475,-0.326041776959724,0.0833418566523281,0.738857318384648,0.312008885151921,5d35e1d0dd67fd00016dd197
0.0417109365628708,1.28282716932769,0.613284877464047,80.6126108722792,0.731543392104377,0.71293179416678,-0.0985891901540004,0.187541323477352,0.333448803135722,0.216747529997613,5d4063525f6f2f00017a1e1c
0.0826135970753629,2.45059551774918,0.591243411837365,2.64572409550089,1.25705695032283,0.413438160841896,-0.316054905860159,0.124861660274061,0.753867268134776,0.0609178094651311,5d49d17b3dad1f0001e2aba1
0.0475763892401176,1.52092043090331,0.512717160984013,68.9302546872144,1.16619925267051,0.577743780538532,-0.526762575475926,0.0964834137346297,0.239360989663436,0.0257275581060816,5d5ee60d8c0a07001719f9dd
0.063447250249793,2.36969265518549,0.63268523853648,48.4135724059203,1.06107861219324,0.55311122694849,-0.499859169057086,0.126786875531879,0.721458597697477,0.0797970662786442,5d76ac914c93440001c03fd7
0.0783689297550072,1.56870649107944,0.446281255608136,25.0037065601939,1.80913930326891,0.121356241779752,-1.55164112086602,0.339533601956337,0.40641812856114,0.0561070152379267,5d834519f00cd300156b5562
0.0516254596380194,1.09110345038453,0.70202533338108,249.061385375354,1.16844985736674,0.682260835436363,-0.559018022569325,0.0310477484718956,0.177907252924978,0.3934395909971,5d879c06e645c60019847113
0.105603771960347,2.61269290567709,0.532674970357588,8.87480813237015,1.08011038767671,0.267079756933412,-0.771358025250896,0.0309842310618641,0.593538935487759,0.0181122929530336,5d8b32e664ac880018630273
0.0737269736664106,1.06677752991746,1.25255879646195,28.6462172046593,1.4916950934492,0.424863868737632,-0.571193625477536,0.0750300495471276,0.840565751374862,0.116059011745503,5d964f06911b1e0015909441
0.0543585925150251,1.73377319266933,0.652169246022736,27.8354002664336,1.4005301004356,1.4474646341147,-0.936559338546128,0.0602336139400236,0.900483939180273,0.0245214069783507,5da41f84a39c100018614e31
0.0759538377181177,1.95148942418573,1.05610849206229,6.91931807602845,1.77060167797134,0.607142062534907,-1.5912594120838,0.0429140005812456,0.704305703782582,0.0883185666322961,5db0561428bb350014e1b707
0.0741682160518015,2.65804503631104,0.43565872285769,32.9081864343287,1.18519807720759,0.894144215950426,-0.907174476399271,0.215003357825706,0.828007173063206,0.22188336869108,5db254ae709cfb000a35d074
0.127761375184729,1.70529091017639,0.414831281431045,4.35254264595972,1.20965731722946,0.698426053888389,-0.882097878170854,0.0715988450257829,0.657337210465724,0.175332828883721,5dc30f64a67bd42279770720
0.140151344630511,1.81004979919921,0.405189959512846,3.00628762166994,1.13853850725257,0.630292240800086,-0.272397872812483,0.0980770744628459,0.812172291118792,0.327669914218515,5de8d53cd0e07e836599d816
0.0469503763469941,1.49627586866669,0.406322917457342,27.4623344423362,1.8181054213497,0.151009217924346,-0.912865202859997,0.398135319993693,0.571765452972822,0.274969268396617,5df89cab69a117620a70f1ee
0.0610584401800454,2.00870052110937,0.668573947487393,26.4837688513232,1.09872675009773,1.13344473989462,-0.830913728782724,0.0912128257933319,0.802231610523562,0.247557430283123,5df967d2f6191f6e87b236e6
0.0548399381224172,1.85335721858029,1.00635120151937,21.3204320358001,1.46551193169818,1.17676836453094,-1.29137059438098,0.0587379867194013,0.806920856614256,0.102288902113418,5e19d095c5d2902507755956
0.0777786400637428,1.99605999948541,0.436779761643448,48.5956338521528,1.16085939590665,1.12420144461839,-1.32630019735217,0.0883972708983122,0.834416563907669,0.463189415265817,5e2881eaa9af590560d04047
0.0482540007256822,0.776775362329666,0.450993616038238,19.0717388186978,0.633717339372231,0.746207913835534,-0.286148323798923,0.109520861392391,0.768457362487532,0.454926826720955,5e3842b92fdfd2000fc286a4
0.0723946594855605,1.10290725134758,0.757742848769123,33.0690062042405,1.23941775317583,0.0121975415595722,-0.572305584391355,0.409032345051438,0.247735128018632,0.162317504797114,5e76d2652d882b2481d65066
0.0872413793621341,3.05868515941454,0.343732847626155,20.1777801136046,1.25156692636833,1.08313270240518,-1.67451292514114,0.0203537255356431,0.755629601941255,0.00709300509562495,5e8e58303e521311346628f4
0.0719899565972957,1.93812044586826,0.791882449883458,6.9933194810047,1.61264437653471,0.00151458732839955,-0.83470958443683,0.0526049449680854,0.563352535229908,0.0567614359217663,5eac84ff4efbe80ffd3962f1
0.0991641871576684,3.11906348581954,0.502378250665436,11.1162062586908,1.23504791410388,0.370520277354419,-0.814919351707772,0.387133088210782,0.27720153427252,0.276992633640773,5ec76194079cdc1b61767c3b
0.0793572548894881,1.67473392365648,0.574370025278277,5.54895597277611,1.03643378281886,0.862872457641099,-0.346174502684428,0.22977118157074,0.83783771303964,0.0763484078147298,5ecb6acd10d2c36e6124c9bd
0.0491503372128437,0.897027319416454,0.469475940471802,17.251605757238,1.59984933121169,-0.0102979484220982,0.180807287028229,0.449887615446919,0.418418819472051,0.322366123862659,5ee11eb5636ea94d3ad43e3b
0.0665670494645512,1.30400909237475,0.46800750428004,13.5631163232977,1.03307031677686,1.16436845167186,-0.61724345731106,0.113550339495402,0.878203859414748,0.0791583706984538,5eecd2e3a38fd009dd9d1f3d
0.0752199318253176,2.36793046743555,0.476668171016073,5.82229331844442,1.6266496116282,0.510217140691094,-0.705865653403292,0.182944017779873,0.805249777164752,0.12526023426901,5ef09c84a33a985f3ea9a561
0.0435806473016758,1.74209896701145,0.970381573407482,31.6186243282741,1.79115942980049,0.583732471019833,-0.729850684098059,0.0726863043124394,0.851186287288361,0.0240390387853891,5ef8033c0a4a09543db2f177
0.090770334895385,1.03634873526937,0.54258100810672,24.1603922560209,1.35376703548289,0.304820871366734,-0.133254837665942,0.253190119010671,0.573373279869589,0.442647549759598,5eff5f05b92981000a2aed73
0.0765002464938067,1.7369005339863,0.49310567694664,17.4701970531355,1.96273857031474,0.349355222184099,-0.943725934585943,0.0471125516879305,0.819324628382156,0.020375233177495,5f01d812e83c5732b0dd15e6
0.0595735524474344,1.30321601929759,0.763622116795797,47.1241429173742,1.20750628773261,0.952001202430212,-0.47930070930927,0.0471207010590971,0.887148202565102,0.0291416178718977,5f0cfeef098f1e53ff201909
0.0469604773484394,2.20754593334955,0.637763868512043,19.9257926402744,1.31059805409783,0.909287980187341,-1.42078297731582,0.108733289994527,0.446924428223151,0.226527658400458,5f119d6034b87902fdd7d772
0.082117501312884,2.9362516534214,0.791144079280233,25.9590943919665,1.56790469128671,0.848744911534052,-1.03399848930324,0.055751133982511,0.848879285823865,0.0650633514750199,5f280d1533b5cf085a06e2ad
0.0884290984611627,1.59018865737476,0.685341812413834,4.59605062729625,1.70324594073214,0.934336007947375,-0.840453969113795,0.0413946322572428,0.870375201846502,0.0241956186259626,5f2d4939e1b8742bba60a1e4
0.0978776076134365,1.67343469767908,0.569367680396924,62.0341607779596,1.59983439072039,0.478273995088157,-0.725337124116559,0.0875839539382255,0.898667313768132,0.115558185174786,5f668a416b792f26ef5ea974
0.078221458507504,2.39009651563313,0.59849150162327,4.81700029537095,1.05723218247426,0.780670230782083,-0.644972756075233,0.399602506228025,0.806247332677707,0.0582482988907292,5f6715ea82fb7d302d0b6ae9
0.0710654167244519,1.58299450222998,0.774179238714703,5.36872056237055,1.59436405298722,0.307501043263709,-1.13387219553928,0.188417950534561,0.325370160276404,0.326922895674856,5f6f4ae8796bee4c3f824545
0.0624336889249526,2.02321280919967,0.619374063029548,11.8719087859413,1.52348745820288,0.616054423784722,-0.968736578282229,0.0914666645632385,0.690961177725376,0.064287401738195,5f6f738fef894f0dbf9839f8
0.116216487950998,3.14125257605272,0.431493346834297,6.74952255094166,1.1250679390312,0.553885635396387,-0.835685541317104,0.0380962202148025,0.812229128740154,0.0183539556754425,5f8e16511b3c641de0918ccd
0.0772811791291428,2.28204571901938,0.51105838419968,7.63314099053501,1.72022815093807,0.266969168495662,-1.05021016951916,0.203651668986937,0.571596054990118,0.163504221276776,5fb054e79c356e41b802260a
0.0604311917579844,1.76177977385185,1.09016267371877,45.9812188915343,1.54691002862507,0.187931538499769,-0.756580976746974,0.0427935443965413,0.79945846743597,0.0525415169538738,5fbf90f025a567296d943c7e
0.0612993956519158,2.13981535979095,0.640826430654347,12.8828944081556,1.1959600495528,1.2357979107244,-0.556959678294173,0.0733712953225652,0.813416731265945,0.0701847920637799,5fc22c1fa684f602e6904a17
0.0843155950517115,2.3866028775828,0.785350683213455,1.13468206447453,0.917465974808354,1.40456430983343,-1.22149244708489,0.0921330236524654,0.599134557096739,0.0882865564290339,5fd212bbaf3cce26aee4b4c7
0.0850480643233378,2.1498002364784,0.432599631240213,16.6149310457608,0.909860693221795,0.195542859933213,-0.372033079350231,0.247482932989157,0.636348882191485,0.0552329228152077,5fd410790e3b0716869c801e
0.0598941927883944,1.61783215981303,0.744302499037157,75.6705630834894,1.25427846435592,0.77143510455148,-0.725018627248121,0.120906568145606,0.839239904587002,0.0741898581541349,5fd652b056a8bc53dbd1f680
0.0414942533032283,3.25884135962052,0.886074191978587,30.1630825628455,1.46635590364835,1.24968125619722,-1.28215134967225,0.149231021165326,0.65014828569106,0.0727028790500761,5fd94d3d2ce90843fcb81f36
0.0724301202085864,1.34431729567757,0.848107665409121,22.2106977253649,1.12048050326098,1.19609629710064,-1.24281785152954,0.0437403792053871,0.655610898897498,0.0475119539250036,5fe7adc9e6b2816666cab9ea
0.0516567224811198,3.19348577126306,0.617595055533517,23.211931481443,1.46110702706279,0.767948074206804,-0.453489684380395,0.0892732703757782,0.829021160681142,0.241006540164281,5fff11332f30d263176fa57f
0.0730048063980012,2.39361842548706,0.442616591702148,39.6259628773893,1.2763480672036,0.850763874764846,-0.735384919369881,0.0521763880935062,0.851071238822569,0.125515428523319,600463555dafb42a777cf5a3
0.047211144139194,1.69111580160583,1.72222167787325,8.82796728969402,1.16414911949928,0.825482086779579,-0.0370364059188191,0.61403770837041,0.91148294765701,0.0489561268009332,6034cb7ee10e21aaad71814a
0.0677349185058198,0.84036283746401,0.354223019260315,25.6156425769143,0.0651567955450005,1.92000444594068,-1.00333996998967,0.707074198501885,0.342835731791165,0.285485083295264,603d8785babbb5cf8cd518be
0.0511035777339443,1.72790500840022,0.688306652925295,7.87903239172366,1.33097484815789,0.519794151888579,-0.266517297663211,0.0977384388222865,0.730053342346386,0.0458116325690403,6050835a7dbf1e0d8bef47d0
0.0713903749626063,2.5949639163694,0.672037396961154,10.4930901676536,1.45846283040821,0.67348117301007,-0.700343896832593,0.118401209015475,0.815347432427904,0.076475570768527,605fad86115c436a88a3ac7e
0.069854868755074,2.69219876708033,0.513385062886651,16.4096312479865,1.27348694624574,0.868139361437736,-1.01135054904688,0.0350404040829487,0.742955105119643,0.0157767626578514,6061ef11da123a1d9e55c6c8
0.0702099420244821,1.39892146417595,0.725186785942223,17.6050950754211,1.57485702389129,0.35255274913068,-0.66570829539323,0.131308239158836,0.817683566763827,0.269702251910505,60643e9b1b2e851ff9238862
0.0516656862340594,2.09105604370761,0.435258837463314,12.8680678029983,0.913093708579234,0.535658744345555,-0.579460623366842,0.151439038403021,0.651862468462166,0.0317804269291813,60819ba1a8862e33495f8914
0.0669348166561711,2.15726272559175,0.857070372990862,18.7910267442727,1.8124215101033,0.447713965592893,-1.14251223169782,0.0582809018512288,0.709801668645696,0.0549380063061835,609122350e5b8e743ab41f79
0.108780600937747,2.94247754757437,0.52331258562968,5.36491709122745,1.28773291275799,0.118945458089906,-0.615414319201245,0.111441168980361,0.626287420578868,0.218892015492328,609911e00dd4843e39cb88ac
0.0750816360086596,1.31292558558035,0.443012640341744,58.6658812998564,1.1009595258098,0.653082693550768,-0.848635858662169,0.133166423912599,0.355570136948,0.0317547945721393,60a23d9bb8e2d5f0808afec8
0.0386801616726787,0.689080735186578,0.954317779667182,26.6010092338693,1.74177775749748,0.532758964334397,-0.596709762701751,0.0971717845841482,0.78581121814139,0.0464459513699975,60a6e4db0fb2c1d91fc00724
0.058674648731744,1.88464406708586,0.862841091977147,17.5263978634998,1.81009008545334,0.46787519468125,-1.33441593413329,0.0760823778337731,0.632456011313599,0.138666747659848,60af9bae67a5ae86b0c4bd68
0.0750395742674678,1.39475510117871,1.0385214217881,6.31185338370996,1.56965730747333,1.19414447165819,-1.1723327283369,0.0388778391694164,0.872838582074496,0.0266656497060405,60cd0ca27459afeb46a86b69
0.0992290861328017,2.40094881175161,0.466085502676752,21.9657502434815,1.12562046502559,1.30841649241211,-1.02353655648019,0.192812147973785,0.894831187347796,0.0556615199055816,60cfcb1681aca5948d7bcf08
0.0767209012987759,2.08875313786242,0.801160112574758,40.1745137917598,1.3960125683805,0.865234137033814,-0.561869021417988,0.0827366268034931,0.898686294636605,0.0833788021295993,60e3b450cc89a0046b21c5bc
0.0600702296714062,1.13876753344594,0.776275281376036,82.9309472593306,1.28697787470146,0.0595530742058728,-0.804800741891507,0.229692559971941,0.218772779652543,0.118763832876935,60ef047e8969715a3db7181a
0.0785767938765707,2.23892219701234,0.533188271985788,57.95293493448,1.50351935142745,0.275634060877487,-0.500656489133542,0.541533069650447,0.817693453902696,0.0246281906329714,60f346b11f71c731dbbd3dac
0.0593530134013298,1.59240835258411,0.452889246115111,5.96951391609821,0.677414732033236,0.390442546910052,0.018594173758378,0.195497183516603,0.533623242985207,0.066216872318028,60fd9b1f9557d7bffbb5e6de
0.0932311820025118,1.986270460532,0.490587333739538,3.79140504453173,1.16059798290465,0.865426287339973,-1.00025297457121,0.0903911093072733,0.767052636952677,0.295356506042933,60fdbe5382b81f9feb0cefef
0.0634433880566219,2.21970510183484,0.41734267280289,12.6351230178583,0.99887003184224,0.942002252290835,-0.947536179881734,0.429975336888218,0.481929417540638,0.288603334884318,61013bb782e4014ecabafee1
0.0902901597962227,3.11249799829654,0.849039916176538,14.5867753857195,1.38376778630299,0.869856786576617,-1.01369467666963,0.0459042003199919,0.830040282447085,0.0695462800988709,6103e1d7b7c388fda60e0bf6
0.100975033281551,1.01450276512618,0.690729013460414,11.4421082729405,1.12825484633718,0.480012656765112,-0.270183707355061,0.113526410180679,0.851623727697442,0.191953114191028,611218c29a454f84484df681
0.0611231077854955,1.89729449735807,0.673335497840666,17.6398024949278,1.0431381999532,0.85592223908166,-0.812895110833748,0.084678428190714,0.668169982542135,0.131436288614415,611a634c7e0e602c9a6b3ad1
0.0677320808822768,2.73628673328459,0.356743800935896,13.178007680652,1.43718929431881,0.853415751487261,-0.815314876877806,0.126032651052589,0.800698352494674,0.0616453244159806,612fdea502ceba811aae45ca
0.0990206049512056,1.48563427917326,0.483825765000971,8.00895936473594,1.47653381844901,0.487870072538491,-0.339162111113167,0.180153309190839,0.912305368462911,0.118445809983898,6132742013c915ee8e6c2485
0.0427576879682307,1.87555684283214,0.689410605274535,29.8462212669288,0.965921476527001,0.837959480556373,-0.764358527834108,0.214508828325996,0.574185567864983,0.140149079163548,6146ecd3f9931f9e8a9d8cc4
0.0827853716227059,0.942828703546341,0.34041936085462,54.240183938634,0.973809262283934,-0.0744790117908606,-0.431667659933269,0.164447389992861,0.431096229902254,0.0769555472229536,614ae8dbcd4d31f05be56645
0.0953282374894768,1.29725422716336,0.518471426002329,20.2247709197829,1.46568255531061,0.232423086375355,-1.01115119169795,0.10166150701158,0.692269351561922,0.038446842140743,6151f20d06757e43aa1f54f9
0.101307549192657,1.81227771662389,0.491478599741146,13.1317498034889,1.44009292688182,0.272916456798725,-0.924277970377239,0.0734823164925942,0.761062451796034,0.0717112670600086,615a170c6eca532c6f57e09c
0.0751346550339811,1.12088767806374,0.649468369488828,12.1565891151986,1.26774538586554,1.36549548437576,-1.59114603359749,0.153843782602376,0.631609578056604,0.215999780088384,615f338fdbb7744db42e0f7f
0.0543127763853092,2.89318901879811,0.651995798825014,16.0517608670793,1.10434579420798,0.326136401592679,-0.479715958918523,0.087531372958955,0.498184932119988,0.210104928559011,61603594da220b1a4dbac2ec
0.0810797628880696,1.24245729349327,0.681144947267408,20.4603774365815,1.61757149679561,0.366507610760801,-0.678212286981254,0.0900681111361966,0.82224717965098,0.0510938353046715,617341c258ed985f8c273973
0.0950879192062164,2.27095570304297,0.37454503887222,20.7751601916126,1.41372181799431,0.60569006236184,-0.925575504692195,0.0738113382106641,0.741019173786566,0.158878459757876,628781515f29a0394e23b15b
0.0883376968054289,2.23695307868132,0.428676724697542,26.6950447544144,1.77627228855507,0.313534321201527,-1.16095394428357,0.0834292448249415,0.724128359729308,0.0313914368690902,628eada3a9c9e0776884f27d
0.0770084703079242,2.1098077868551,0.861996551641562,65.1380837808679,1.39891233944818,1.04149151059412,-0.778538314535431,0.046630788219642,0.894575745841744,0.0717613301535844,629082739390703f993b12bd
0.0876063375181231,0.872955915425505,0.401040648424322,7.71873530594981,0.946956537849034,0.442692678935725,0.0478049493995635,0.0727466227283653,0.461741880488364,0.123767931122765,62909d7551844220ac3125a5
0.0709486598382337,3.81377736784022,0.692901872695168,8.92002451060003,1.36811989518122,0.640596490516317,-1.06858200711698,0.0927150884058063,0.539307671729134,0.207129307931928,6295c814983374f0c2db15ec
0.0956196804823518,3.57814828211605,0.514257826406932,23.6832982068773,1.29945031101425,0.437272483702111,-0.691760738492403,0.056350604883712,0.707324755325252,0.305328912269563,62a8e8d53d81e31a0c0331d3
0.06069622496616,1.74090349137032,0.996440422767234,26.8348254979568,1.55739925228495,0.971235747657829,-0.840339541942591,0.0493931690447364,0.876675195770242,0.0443084469919941,62b354926116305375200028
0.12771055991611,1.56474345861018,0.461059307986873,5.75858259215877,1.09405180671027,1.01415677123402,-0.664587482355136,0.156101188314218,0.921110904804389,0.21444696638911,62b5d92be777f3aa7176307e
0.0984142473644523,1.5029848537487,0.395406975303703,6.40791292491308,1.95462858588079,0.390153392323442,-0.520512047833235,0.0372587462076112,0.907653052207691,0.0111325371704722,62bb9d0e68505686f46178b0
0.0933825669410732,3.11960119176498,0.582542008257398,36.4630436541687,1.32872008168347,0.431509952018848,-1.0353917552966,0.164686433547956,0.509170513619979,0.194092882729715,62c423e2a70011a58059d198
0.0531652332689122,1.86934689858257,0.676046916597953,5.01203277464608,1.13231924726587,0.25872273121119,-0.127587501759575,0.0485567996609565,0.642928449249831,0.033320211049147,62c65cd877b056c782d09fe1
0.0508448318804848,2.20603145747115,0.536629999539834,15.5828511447424,0.739469442541847,0.828097569173777,-0.754183620719558,0.0935828561601208,0.556551065888621,0.214348254916521,62d6f7750e080077c33e150b
0.0952283274980712,2.78876798017811,0.747017266857186,40.1338781684335,1.53734751684512,0.922148798038206,-0.958623069693046,0.0314235009716132,0.903065528955032,0.0223026153996189,62da562ad9942a440f6986c9
0.0771498319384878,0.736985999692496,0.557947609664236,5.00285267372232,0.59679965570793,0.636612591943974,-1.10648590620426,0.114089236468154,0.703584742151839,0.303414827775557,62e03459db241242dda5b779
0.057685941689172,0.796395897260126,0.484960987928641,10.3956058805719,1.34632121057113,0.89944879956566,-1.46238123798209,0.603779687873377,0.836236316434662,0.0853568335018423,62e154b0682e270b4acdf5ee
0.062779210549836,2.02977479985379,0.4105813399015,4.3602720052392,1.39622781457777,0.841759765696328,-1.3878699903427,0.0759868487743202,0.456323524936303,0.108391940313709,62e1644279b15af038907925
0.0474265475284897,3.53121573356322,0.791109155386119,17.7881334620064,1.57834025030046,0.525275226554668,-0.615624525138797,0.134964812314384,0.787622273202244,0.123182647482381,62e40abe71c1b7e395e9bf4a
0.0764082319978268,2.70366162996368,0.642790740476686,12.5107321897512,0.822971867610081,1.48993092393738,-1.67638857931485,0.149437633883967,0.552681346745263,0.154254112833929,62ebd3cd785939570957fe59
0.0628316560300008,1.09356987524473,0.480027718211895,8.38111574437333,1.70360773572979,0.707727047913246,-0.314477797442325,0.118893036343955,0.861730650235019,0.181100265618712,6310a5c786d2abda637997c0
0.0730861474772307,1.73616212255522,0.640103011065278,24.8718677057734,1.17264218505457,0.257894914472925,-0.389786184677328,0.314875572651918,0.737559514204078,0.190979283392813,6310c063bd0cce86b0289d20
0.115825882993306,1.86362946368278,0.634469682386049,9.1580935020193,1.30766660111771,0.442981003042046,-0.573009691206898,0.0310493058547137,0.852538910624565,0.0221331322900371,63132e0bd4c11adb849be441
0.0523096701479059,3.04586383492956,0.843578690925452,22.5717581505094,1.16836751453788,0.540379678722334,-0.533227939452285,0.158546368281726,0.737508447214641,0.191227155169818,6333813956b0fd924b64a4d0
0.096139286030182,2.48579653770173,0.706403323355702,26.4480057795648,1.75780269583715,-0.100993300685265,-0.531322800493174,0.0396677244988573,0.859642465391964,0.0239122455128444,6345bfdce5f06f5b4ee98ea8
0.0692758067073599,3.62798990153802,0.537796093327815,4.7072614389127,1.55128180439736,-0.123983105204848,-0.557037842233603,0.152334018050785,0.508783226482776,0.103694809044776,634688391e61c68f25ca1f82
0.0569157942076816,1.71475323315674,0.454106280378512,21.5639981212822,1.54948844213135,0.582879828762011,-0.494924634691774,0.0640447896041808,0.818569284774459,0.0411481010090648,6346f314592ee4d8c3d84e57
0.0774130157117883,2.15444384871859,0.481178804657165,7.02440649538048,1.40316566987318,0.718647946907667,-0.828194564155624,0.0635163295762952,0.788824910065421,0.419671819994754,6347200d8ded5172ec43e0bb
0.0971950549805624,2.2620337222752,0.611777652868984,13.7260639543878,1.12366246986395,1.02392443088672,-0.543409244912875,0.095141636701048,0.879171196694765,0.0926559603909462,63bca8a6f3803fbb0c3aca28
0.0630796917679136,0.972533771267362,0.576150386438124,24.189385657506,1.68929374076548,0.452501658183711,-0.799343542011449,0.215167201057885,0.825413865886453,0.0974594106643661,63cee09007fbf47334157cb9
0.0981094612321026,2.9552618131862,0.528681542484825,1.18573773868674,1.08093754058226,0.706341707114548,-0.8590924923144,0.0650435473547113,0.575584433805622,0.0449776963825639,63d17686afe6614ac1f77f9b
0.104366524552254,3.09408723747288,0.693156570346484,1.50053965060491,1.30802231326207,0.439754877619072,-0.748998865044386,0.0682113448027242,0.572686934759892,0.0591101832829628,63d1c3aec175ba81e9f50cf9
0.0699381963838181,2.30816579212381,0.662533898925811,3.21628472427918,1.68851566805248,0.0977506454299944,-1.20301806433426,0.0978119844711894,0.485872220043798,0.30393420234356,63d3fb730f03adf8b4a28a37
0.069252887858629,2.32937657764898,0.594611599099968,5.70332374723209,1.01634846096195,1.12725179095727,-0.445890711594195,0.368213509322797,0.820562356758092,0.243642377314566,63d4029514fd2433484c50a4
0.0702067418361361,1.2753904936766,0.546548021547884,3.40050992215679,1.21232594772567,0.0410965895526772,-0.103585388885366,0.104085056031867,0.68390260502236,0.0449241091028148,63d423b81f5e313b9958723c
0.0944807574393825,2.63372889760943,0.718327811663374,24.4582537082306,1.05791303130952,0.821479883747026,-1.17299280933951,0.140661739676832,0.247538865631711,0.316130129241206,63d65d1e9524e8cf5b33f4ca
0.102593669497257,1.95882681067798,0.460166724744878,44.3336931292009,0.828280098501791,0.211869508217427,-0.209552676558267,0.0683798585479224,0.343636045411845,0.0669972138016008,63d69e4d6648b39324fdf0ad
0.0514451485156944,1.42389684142873,0.714598788970411,28.8269171025371,1.75013616433352,0.592115134670211,-0.579839441915536,0.251746170603362,0.831560463278942,0.0956849123611389,63d6c8b398b284a355e65870
0.0804279497945569,2.29676683894418,0.577407587159407,3.76761812080523,1.09044622279582,0.80801980396337,-0.164521055829391,0.569742576174812,0.818505390723099,0.0403590654260193,63d79e8e6d3d2f2d2ffd694c
0.103796550788466,2.24885271915292,0.520900210354367,1.89549216568881,1.27589199569022,0.750981666381382,-0.553420805785853,0.168253784889673,0.672998597433843,0.328040538578114,63d7b81d79044b73bfb50952
0.049620043951428,2.75423188687547,0.760987252307086,3.81116414098294,1.65334538161492,0.626318625516942,-0.665452322807093,0.655979313718653,0.571243925057407,0.0636424929799859,63d8329a17b5825c42fba870
0.0565067023250878,0.949468092643791,0.795128391928821,26.3721615574999,1.1454342909516,-0.222395534189586,-0.200150936129314,0.119292371256393,0.489009522111148,0.16393526684624,63de2e4a0c6fd41343f82a79
0.0863121738773678,1.0980993736054,0.468183442584323,2.41861770408478,1.35422771995065,0.339983605635562,-0.853998455200842,0.172237358657325,0.691302116467519,0.102672273694945,63e6344d7297e5c6eb81b5af
0.0760884715348893,1.51239548344144,0.564098566959853,43.1636074205212,1.21081581190463,0.798383976856209,-0.687073467167242,0.526457120907433,0.698560575496175,0.246832537170557,63ea4d7e38c261735d51180a
0.0410217267648039,0.901077350578048,0.518431699013753,62.2162009256803,0.480437752580447,0.321832799792198,-0.0845062072074397,0.0841621121593199,0.5216819246908,0.256480150744709,63ea7e60bdd3090eb4b0dcc5
0.0750823095293548,3.54329600507684,0.721197291064869,50.1921742062743,1.20474656513123,0.884082079119591,-0.408878222285561,0.609229389475957,0.884806212812642,0.106853126556733,63eb8bab1cea7b0de3549450
0.074770747698,2.96292882220391,0.571266771789577,17.3865779878518,1.37097301661896,0.366968278144306,-0.669570539440113,0.0482961989732065,0.778972448193585,0.0346405437673702,63f64240799feedb49f09c10
0.0688542290082954,1.37666227462721,0.552375674294728,1.8514753299936,0.975213341203919,1.14692876511528,0.0551953738885994,0.710666264331321,0.541744501880649,0.0178192820668749,63f8cfe9066417fe2afb98aa
0.0881274081157753,2.10550140596725,0.518111346989901,3.42340601449295,1.13156937805425,0.230661969486268,-0.735535910256021,0.0797225942470192,0.415748833673655,0.112986214165706,6400ed5065c350e3ad8c8233
0.0829606554435015,2.36813103605177,0.760412293455795,24.6976839246348,1.38553355857263,1.07746650588958,-0.558393022511032,0.137319802683852,0.913555402992152,0.0829521264928882,640105daa923d3f5f2669039
0.0738642873506462,2.42235867500321,0.673808884010193,12.9354259019524,1.67632768706147,0.293898632145208,-0.795575168085189,0.104575466462316,0.777235674196235,0.0580113839584944,6413590a5e16ccd8b72d3be2
0.110217474889487,1.924613432723,0.46624332864234,3.69015924456776,1.05024996946583,0.747216488620875,-1.06987271109353,0.0494145825107711,0.671648360328506,0.0469877171932733,64136f0e184761458e90d274
0.0755801682374791,2.41924958215001,0.424050320572503,35.3841617534318,1.55374628705031,0.636477438894089,-0.872108345276258,0.0646100399065709,0.856323733368884,0.0492474789023428,641772ff6ca990e4c241b1bd
0.104283543761913,2.37593577332591,0.645998251584026,3.97826000820486,1.42223541190019,0.334554068664211,-0.713280320345156,0.0567005700978056,0.776370080062352,0.147147189655461,6425da2ae14ac64b0138c3cb
0.08231049570047,1.1575561286351,0.787533495814046,54.5165589108758,1.3220296116695,0.724286532059342,-0.830308535685297,0.117791110520304,0.860057315036609,0.019032019380397,642aff87ea9fb23585fc5ee3
0.0537216069238357,1.56562313789811,0.463650865922222,19.0649328982836,1.2636597825176,1.05909783394578,-1.27259748803027,0.341922451660384,0.594668586114362,0.0498716945558041,644024b5ad69ecb3872c8680
0.0760593210861076,3.54516207327211,0.713001853116816,14.543231567632,1.44898096058107,0.602313345741228,-1.17303878242005,0.130076952563096,0.248651941477817,0.155352003298254,6441584c2bff52766e55f7b3
0.0738879759617865,1.65185659561534,0.742161637993969,22.5301969548019,1.32034003092049,0.935264131214064,-0.750982360377975,0.266602089660038,0.878927013647656,0.101143980243279,644164d75b4cbe61ff891e64
0.0524598037246621,2.46498134437571,0.564814401772817,7.66948830233464,1.01028588548058,1.38515042761871,-0.317807598426439,0.755541096451744,0.767958460950848,0.0773528350232765,646e12b8cca43e4c726c45be
0.110956739744504,1.41895341756803,0.529538589462323,0.987740185773906,1.14430824168974,0.948031845359987,-0.86221567374555,0.0620134417336779,0.626607264473759,0.185661576358057,646ecedf66755947f18246b3
0.0856261945217527,2.68773243909336,0.655037402182481,57.4601060881649,1.82586210384843,0.323869344215109,-0.864307966370389,0.0413534897852354,0.852137775106997,0.0139129703321125,6470d7cfbf12a03c858a8c8e
0.066518868959457,3.10062527051981,0.517882624944178,39.3349003224707,1.51637020399228,0.559868870248657,-0.332153301831609,0.0567113803733461,0.86077300649788,0.254126582118353,650063bc87fae3fa6d3c9aba
0.0816551604787125,3.40938530757169,0.584959979889395,33.5588279094562,1.59450330976258,0.390780102247411,-0.724467255392887,0.115027542176141,0.818436382215779,0.0233958175876444,65006bec31c35a02228b9998
0.0825701335665954,2.37147078806899,1.11196342330069,11.4800151288875,1.7550994968932,0.223982569268158,-0.479225214930655,0.0478333863943738,0.831271590528794,0.0480439029370775,6500a84f0a4f87687fa51a20
0.0488221375519495,0.744535156564456,0.591588956077461,49.4121860005462,1.37203854029197,0.773027209189444,-1.15823476807158,0.207943034474921,0.759955088516766,0.0449537727021131,6507b0bf6c158dca2bfde795
0.0877122682303837,1.18472439724299,0.487422513422815,91.8404078879617,1.39961483680536,0.696079041062628,-1.01694890353058,0.0623088099633036,0.312043918037763,0.156008615433948,650c4f66a2799732bf17bbbc
0.0813227757615382,2.1478937736266,0.710999721380647,25.7514030303219,1.44225066978822,1.08653056864092,-0.806369509733967,0.0398561359643715,0.886960387693537,0.0217564822165335,652940613511888d1ad5c864
0.0644046798947403,3.06329092583637,0.705868261811147,31.4912059786388,1.41225928823656,0.737992659591582,-1.21343696640143,0.186568969126451,0.375081122615061,0.0400737011112763,652c32bf698bbd5c18c10096
0.0644670013120172,2.70804294904028,0.420432727757084,17.2350303746606,1.26403060819625,1.36964736418523,-1.30101424556345,0.0453061111105723,0.805640622752458,0.0202386161047099,652dc8973a77e5f1b36d66c4
0.0918109511017027,2.72390043046969,0.541887815597165,12.0499199485909,1.08922886692354,0.509867332161373,-0.829905696006376,0.645196947340763,0.552953810877391,0.173397132414257,652e868653b2172546f9b5a0
0.0646807477374107,2.91182694237069,0.548830449348022,55.1276561537279,1.22362067919901,1.17855427821681,-0.567402923787215,0.0756697228947055,0.884172280142829,0.257381745043571,652fd6db8f5f2657e3ce2f0e
0.0681619201910419,1.98778770682913,0.546107673594847,8.30309559095693,1.20522301504453,0.86795922433484,-0.800685118470394,0.152980825539383,0.824761996541532,0.0571794057217047,652fe805e19cd8c9d83c1456
0.0674775246355235,1.509245103402,0.418011790061379,23.4817145294179,0.816203819316736,1.46531015257089,-0.399015113145672,0.375856163402258,0.858108452811778,0.202294019453504,6531958a74d39ace86a60bd9
0.0503735120775706,1.24533987229598,0.631351053025224,5.95270498270234,1.27103549179858,0.880824953901186,-0.174630976521072,0.715639022875964,0.825481517606499,0.017512579521244,6533a3d20be32bb486a79e22
0.0517232627512311,2.19178581423327,0.62690936916951,30.3212099193432,1.28515851852749,0.93134099620475,-1.12356538845131,0.198267743494344,0.735865856257159,0.206099615491,653d232f63f99a4e8bfac6c6
0.089013010487298,3.12214756829059,0.518035247503032,5.16158229419147,1.00539497398217,1.1216572858191,-0.860403877043857,0.0743209958416715,0.730870541124321,0.326487781155895,653e666cc034dbb89a5b83ce
0.0908009619408836,1.38732301171824,0.535876518895473,31.7997406462642,0.991079623527934,0.550346237014743,-0.836645652830805,0.337856895934022,0.289080217747138,0.117747608181416,65426a7e770a6916c94fa925
0.0712042214075604,2.0264334614899,0.521137791653429,13.6422985316996,1.22362743132156,0.19025092061677,-0.464784091591345,0.123272780124281,0.510223230515376,0.244889977906112,6542bb57df900fab759348c0
0.0451987435146217,1.44172313884652,0.697076216854586,16.4113693407852,1.16812352930014,0.688447084821818,0.150355747277297,0.653154340565283,0.77896757389991,0.135233926234586,654651ac7e37774d5853f448
0.0611358476567008,2.4574433056875,0.689321264020624,6.58950530983523,1.46189090666007,0.262401951346413,-0.358822053696953,0.178288953625151,0.692272433882825,0.0909446235472608,654a56ff9b8baf6c84eb9b69
0.102181461900799,2.86976439353257,0.561186321091532,9.99278065202889,1.65497603438331,0.342432156785974,-0.837774004060518,0.0615476902793405,0.783565944683157,0.0222361087846719,654ce63caef8570597d450ff
0.0978395355437725,1.91889055852916,0.432884451179661,21.259694571099,1.60314303021247,0.244910835037255,-0.740089330889778,0.194506353798328,0.817494841965692,0.148759298028369,654e3926a9f47dd3e0bd5471
0.0647052265788764,2.63590848217026,0.480945962502769,30.0810067928689,1.34579628644945,0.736845008240557,-0.320829225063162,0.210173807890724,0.868688086588251,0.309873967973182,654f7df8da154720dd8a8ada
0.0774232348613928,3.16604725914487,0.45959654891779,2.47272049866195,1.46343329359697,0.234862974004938,-0.985083140987233,0.0758443973429275,0.5379238103463,0.172122838900309,654f97432dbb8563cf98d7c3
0.040015004560555,2.19985472267488,0.716810100470803,15.7617225683715,0.876693631250723,1.04221571544939,-1.03920219838679,0.202553539924787,0.46265721532099,0.151681841553512,65522d468dbf46efb1da11ad
0.110956819984901,2.52635722242781,0.584973244744985,1.65533675209762,1.27010252423933,0.805228614337937,-0.411429468649964,0.031181515625601,0.77010371169461,0.029979517474935,655237957baf4bc116e5d2b2
0.0786504017031824,2.53354518765395,0.337199174646652,1.26912173285984,1.06669483730635,0.999530501962882,-0.349796762360881,0.125529468402221,0.723889036579689,0.0459949319611452,65537de45dc9906dc704d11b
0.094768622994603,1.95129175256016,0.715404377967958,3.10854408642879,1.47807100708562,-0.0922151049597955,-0.693798986451128,0.22370959809199,0.299173515319336,0.159889125839121,6554dcc9ee4bdc32c5a8b3d8
0.0879632660843152,2.01715371604907,0.289407609884964,1.87682295527954,1.80295019662539,-0.00499577356804483,-0.849148197196518,0.0429867517731902,0.632254099017793,0.0114310682813414,65587e7a2c6ba5c526da3041
0.0900334330707132,2.40437443048175,0.474017260779043,4.06484618564033,1.05531598705239,1.07768922257528,-0.544941547134475,0.0492666484593934,0.729854610749378,0.316409924525718,655e09fc282e4139c82f834a
0.110822648461946,3.04536224981574,0.419165199548302,6.33824540345866,1.27095297176783,0.493445617564524,-0.257841953484941,0.145727998396925,0.805021711499809,0.245232895550569,655e0f19a071448095457e46
0.0696856951891958,1.61169876176143,0.630595109000895,3.87585352861731,1.37178404492587,1.01731212185005,0.215351491369846,0.308759933694292,0.826782003528269,0.148955713570665,655f8b8f7ee2491a2184b5cc
0.0527355434869391,1.85843138838074,0.424633314831541,27.4064558015608,1.03514472738269,0.938338383467491,-0.209817965631529,0.110167736521628,0.892258144551782,0.0141933847108487,655fa05b1303f59972ea6555
0.135674759174546,2.40949090653991,0.758095497139222,3.80977257764566,1.31726235188529,0.277497443723131,-0.662121612676056,0.0555358038103825,0.824062550879292,0.0243976841891147,65676fba8308e02bbd3675bf
0.0676226116997726,1.26335744675998,0.540635615568596,8.89849968070832,1.3845963423319,0.721910797469747,-0.735748687957378,0.177714533399515,0.776824723333172,0.0432194263142709,65678fa69c446679ee5a9340
0.0786275180458386,2.98931158739713,0.528147499487879,10.2095472773763,1.11940529130186,1.1627818623857,-0.70344106169876,0.0621323250335808,0.744291453206404,0.253406444993057,656b651a848e68e0b05432fd
0.0732225687528081,2.96612204164805,0.612348228055777,21.156114420083,1.54089108075031,0.0694760966811539,-0.781474394314153,0.19531443223463,0.435314692026049,0.25393605711102,656ca9f8ab25b756c7af6ffe
0.0850625839689442,1.52473958074817,0.666850790702609,10.9227456254245,1.44120009354572,0.520226466848505,-0.317708238377211,0.225816217659051,0.872655528244535,0.129349045121331,657f58380b1d877b07dec228
0.082495029644698,1.66905134974681,1.52829385901706,26.4814138686714,1.82778346518088,0.762020103756482,-1.01125621687958,0.0278446944302784,0.877946872247932,0.0523079974229031,6582f7759b8356cebd01a772
0.0425914825984816,0.490915240626038,0.279043254214301,10.3300370070516,1.37626433839773,-0.0493934614643055,-0.258368591834051,0.233138219078971,0.865150930048682,0.423634777175883,6586f7c3af2f1472e055211c
0.0756905026750932,2.4525863880174,0.507441056183051,20.2025009228252,1.54066802620958,0.290404777870125,-1.22171521049869,0.0667874787428371,0.474077158863973,0.175590882348378,65938e582ef104fc8400809d
0.0555257532154777,2.61335258201684,0.585386799346429,25.635760031672,1.2391421203989,0.824685721595124,-0.676678267632453,0.483030449783416,0.813262338836296,0.138832458680825,65957a3591456f0f4abe4d76
0.0498415898696966,2.10657514564689,0.575147096819253,12.0012730739375,1.52261492179338,0.305963225271524,-0.501577000595273,0.62978685142457,0.737005980217631,0.147412427256039,6596baf1774d6235a728787e
0.0593943515984571,2.11080219067722,0.791207951906588,15.3449167922292,1.46122919326225,1.19314908108771,-1.41869395497213,0.0835918538335361,0.771874574013568,0.102655279371763,6598133ec036fb7fffc40048
0.07603407283854,1.81926327518633,0.660821548950111,21.9902739122521,1.18620163258924,1.14911572433268,-1.43622737194089,0.108125212629187,0.414987211598701,0.0844823560444931,659813519df09404f0ed8141
0.0685146828528173,2.35715090337175,0.749400389479707,21.3715769292047,1.60621723938539,0.65377393709004,-0.666364071472594,0.0860095135794675,0.850207187478964,0.0977936961128727,65981612de5b88bdf200ebf4
0.0819696085911406,2.07361001304351,0.443267712196637,18.2852859499446,1.72269364396914,0.625154811575753,-1.18710226514751,0.03486675756915,0.817825807836834,0.00709595593398878,6599bf63f1a902105cb4f395
0.0772837417971639,2.39915521010589,0.484230069244939,5.9628600060448,1.0431534936835,0.508694626437985,-0.587455217703912,0.0650125477637455,0.710025297101116,0.24458821205106,65a68cb02b70524088c53064
