beta,pers,epsilon1,epsilon2,alpha1,alpha2,alpha3,scale1,scale3,kaps,evidence,participant
0.0579741634421373,1.78225642460108,0.721840266233579,10.3375219639329,1.40653186662715,0.683861836543061,-1.16714247517827,0.0879081560940352,0.574230984398272,0.0744874538140768,-78.2471433024161,3
0.0955968583343896,2.71459109191885,0.446850294038288,7.27555418794455,0.959901486052307,0.677576207791478,-1.10780903632526,0.28628358360776,0.249922553524875,0.324067405735781,-34.8063607828615,4
0.097027570248896,2.5555144308111,0.641926778209668,49.6349225101809,1.79479208571982,-0.039212720865812,-0.466178447324775,0.110705731012615,0.882129866633333,0.0816224031925889,-32.416942111833,5
0.0582449175186996,2.38226594461702,0.463001854062535,31.2862554288808,1.35464893413597,1.09182226455276,-0.750995560976135,0.0835427445204806,0.867922874512334,0.0743235270055853,-60.8955850180915,6
0.096226181033484,2.04555661510357,1.04770829667927,16.2558475097816,1.28623940472288,1.18589545151552,-1.51248184026505,0.047449740184739,0.586160447501048,0.0291227762333183,-52.8399912074936,8
0.115021192945499,1.48919068301538,0.470345218080275,12.6959798126741,1.07813432552579,0.273571119718961,-0.807965753831425,0.0596182882320924,0.691513058915678,0.0137594663632752,-70.8751861670791,9
0.0538527473240016,1.57670029314758,0.493005394758013,20.3718042991415,1.39889037966182,0.806339226742446,-1.1752300136782,0.255198600067741,0.442729734544479,0.0945515251869978,-75.5779580627012,10
0.103534811976345,2.24977970764264,0.526263717681556,3.51202234943816,0.883294558509195,0.621912935111775,-0.757427251329374,0.0648136589120838,0.725959898647179,0.0926200949741629,-46.6140980627455,14
0.0562273862028462,1.4903875774714,0.928948974931563,12.867598692734,1.28903206102783,1.4248733167685,-1.17864240307924,0.0338360845010272,0.77966658436386,0.0429879351975413,-71.0805931501705,15
0.0635010195637787,2.48052305184649,0.404473511874446,12.780914758631,1.24191587198709,0.934344202727327,-0.772753185909465,0.228430879944733,0.828236939304841,0.0366493660336164,-60.6530068975744,16
0.0549456691422224,1.98843731367666,0.532183284769424,27.3716520235858,1.16992066930228,1.06660457661176,-0.878612811846805,0.198036624464042,0.835784697524019,0.294974595373671,-76.467550360497,17
0.0546904923855822,1.25984633671897,0.735131650010321,9.47567360730441,1.42187677949972,0.907902111485154,-0.820891459733223,0.160992622256466,0.749966393155822,0.0715680291271632,-100.770357676041,28
0.0889678278069241,1.60968183819919,0.583448417940489,5.76031417903237,1.1546558796717,0.0569436245683258,-0.650600986863549,0.463344309959715,0.392727333526857,0.0732321795916181,-74.1335723812288,32
0.076643054717933,1.34203525364094,0.497579777711055,3.06377993288123,1.25556127179708,0.708402184370791,-0.841764806039829,0.181031904039437,0.670572010255241,0.168683498315932,-92.1019976250564,36
0.0820401506459696,3.23609861507153,0.43152188648946,13.0840453576713,1.103372048044,0.824857792192599,-0.781290529269744,0.0515043942110937,0.82350947944532,0.00817678287509567,-32.4297785625469,37
0.0888614153014514,2.38345896083889,0.673699387222137,5.68729526478996,1.06277122753333,1.2252916109511,-0.842538381893379,0.0516499577890633,0.809996447896888,0.0381153282016939,-55.00003857706,40
0.049297880111727,1.77843672545042,0.711732849231367,60.9966841374954,0.807397843174644,0.239573854158615,-0.729982396382105,0.200369480972319,0.495982184293439,0.0410517245588024,-96.5196557938028,42
0.0611240725680348,2.93779031168921,1.11821007073893,16.7031122823798,1.83879280133755,0.412912160841363,-1.01375183131086,0.0665446565892373,0.663141906858219,0.0613756718643405,-28.5957597717736,46
0.0863241688072052,2.4954333458423,0.794782805249772,20.9617105819015,1.07481128833415,0.982724318588717,-1.07850551415516,0.0714587674837935,0.374698258687137,0.031143141262006,-50.3458467025553,47
0.0540833197077903,2.35036688889215,0.760379034492354,14.415828942382,1.25419444644413,1.34974146856577,-0.710575236773588,0.0575542492405369,0.849257111413158,0.0338844512307787,-56.8981821111707,48
0.0541809107928598,0.220956802114113,0.678609181771256,114.725619449552,1.17484365691901,0.332050404051115,0.140081108204578,0.729397637734641,0.404512997048038,0.109554052142983,-125.971110020251,49
0.0314416079771943,2.07630242651296,0.68469161561014,14.706251538353,0.903245739361362,0.340488497629609,-0.204570371688817,0.138698249279631,0.680705217330218,0.241643958289907,-102.340495763265,51
0.0915871733623536,2.52142108274239,1.09047067304675,15.3265861043869,1.65440902231941,0.698706250875776,-1.13614417267022,0.038117067749577,0.73110838006016,0.0323938619953195,-38.0195806950926,52
0.060464801701391,1.53242948674808,0.806389844146312,22.4652427440459,0.928286076297364,0.927198636920891,-0.795708382812479,0.0838961114326467,0.682366517590691,0.339508736077099,-82.6302587117074,69
0.107693482314069,1.95146723125412,0.383188379896508,23.6838590444017,1.09333202480135,0.738932359428758,-1.10972455351334,0.109320916520238,0.615831525529137,0.159381340010366,-57.2528596410741,72
0.0585367631028451,2.0907313613156,0.455199957618719,10.3598995898561,1.52843140552117,-0.154951494420927,-0.531353292483542,0.111029699994242,0.592006369293226,0.0724218870182954,-71.9747447351326,74
0.0746776777851583,2.62053449361026,0.528021574344206,2.60530548954701,1.34432838707395,0.309858067706374,-0.533804256596215,0.0644927692306117,0.746293943522155,0.106370995798264,-48.3686055668698,75
0.0459672668652929,1.56773374064581,0.517685154913021,29.950962055777,1.01133385949076,0.657960228873778,-0.951110380328257,0.118238440043,0.649810299584432,0.483495687278558,-102.186852258247,77
0.0765998930400964,2.41417984382361,0.274887721227281,8.44403251857535,1.57674237765091,0.554290884291415,-0.879564777057156,0.114725190369337,0.741435246027537,0.11383694804424,-59.9342707800963,79
0.100972194311669,2.82963022020158,0.745962312077019,11.1721984356801,1.29430510571032,0.465084896273314,-0.758441293130657,0.0762391455336715,0.785960556019602,0.06392293145624,-29.2078496380762,85
0.0534933354999417,1.98334273269481,0.36373423254391,3.46386679868958,0.776217009749631,0.846145011786383,-0.314283631999835,0.251878115934019,0.647748525000062,0.0287753174329464,-79.0527197389301,87
0.0855960680662776,1.73849296163007,0.412827940424467,16.2176387481667,0.822047190045703,0.260684026610758,-0.388030367114727,0.0881006229963454,0.754063356722338,0.0452032728182174,-59.8962209787775,88
0.0548972584438737,1.02417160615463,0.775741841193525,25.1582385342715,1.26809396125085,0.652276388629154,-0.9197196687172,0.0607540345451806,0.74580518687364,0.0308666957946984,-91.6650462147694,90
0.0488354136161827,2.7090955707951,0.61120438418239,11.4383666514925,1.84024001098233,0.598963388167904,-1.15959169166086,0.187912590798847,0.523104379293139,0.161632749392416,-33.9658153468987,95
0.0567758773256589,3.89933584282955,0.487739221931059,22.7031896630488,1.24684633025428,1.0772686366893,-0.82265756568188,0.0764857955553758,0.815661507346346,0.0249616179457585,-31.8690533809601,218
0.0618380402954613,3.34807670358448,0.462417542111415,19.7379543470685,1.90447049190527,0.276440987203115,-0.849661676202935,0.0861617331045258,0.776413051201765,0.069274939433786,-29.1225844149169,219
0.135850844603982,2.37160849552351,0.432002170625517,4.72130514377929,1.31156377251317,0.450769321297864,-0.666688186844684,0.0440426631479049,0.826023424339825,0.015810790993304,-19.4647367603345,220
0.092795848315037,1.89929025219077,0.660674154765022,11.5859731138831,1.1973903716936,0.489069907406401,-0.918674306232874,0.0482045391499451,0.747079837573847,0.0194398577465921,-60.534181680274,221
0.0996408445847719,3.54125863416327,0.374517083512199,7.75782559700587,1.00505446733551,0.515901233027069,-0.63311542067537,0.297062433769404,0.690009728729622,0.397821930383855,-15.7297726810707,223
0.0742325510205601,2.8083153295071,0.667034535993385,14.0633380201062,1.58048511707668,0.300680827129889,-0.758037651570327,0.0653009826019024,0.802651269655935,0.0569976061270175,-39.662674013892,225
0.0567301501783154,1.9982248477001,0.824381245646647,16.5349071791467,1.4078280258454,1.1413750689289,-0.954376395240662,0.0744584881476123,0.797616065835406,0.0726976170703831,-64.6445034572803,226
0.0408475987915255,2.78444988105015,0.698647896052285,38.286710621017,1.09252936139285,0.264148469590563,-0.668555484108059,0.091674886123816,0.661407733314623,0.0614650851581964,-59.9069980332268,229
0.0812306791031432,3.20313452888358,0.814232810017771,4.00247191883087,1.28505319818876,0.772104605936938,-1.06818778113305,0.109672590355512,0.284853626100821,0.158133871251936,-25.4091533285595,230
0.0732407821001168,2.34183775495809,0.694338414907934,33.3409079140982,1.59088501375277,0.778671983617504,-0.918545537109144,0.0923536116814851,0.843871743414317,0.0374441814015358,-44.2261949728972,232
0.0379896389472406,2.29396881139575,0.530245405649446,21.1150867492145,1.11286187843075,0.0469398562556921,-0.346883381727137,0.314427239113914,0.696951081428402,0.0810319064102252,-73.2009491742735,233
0.11630201320392,3.05771989038199,0.707190474327903,2.0616412483367,1.06457433295159,0.552774870231268,-0.616515411664452,0.0629552577439117,0.613213322582179,0.146856549689888,-30.1080577018963,234
0.104937444818404,2.19463976197168,0.57561279281725,6.35756393770717,1.05546007994695,0.875015211185883,-0.974997568892121,0.0527111290134486,0.787694864834446,0.106846531760884,-39.389763854286,242
0.0845512074351532,1.64029877437121,0.631338386802095,7.85351745662493,1.08905739972474,0.828158822537223,-0.630018147722088,0.121727671659422,0.860900582830157,0.067726235017194,-69.4423712712379,243
0.0654151692284008,2.95024988918246,0.417232025714468,38.762633499643,1.42429218088214,0.73527963747573,-0.84319407055738,0.0720005242346493,0.795225107968206,0.021259360227346,-43.1471018953728,245
0.0644820929578864,1.62853894636205,0.441650850208835,20.3140733195392,1.28622685254085,0.593801470901128,-1.04258129506459,0.124558299285635,0.659701080961165,0.101168327760198,-70.2918577051855,247
0.125153069046656,1.99062907415982,0.434668465798974,9.55380232007058,1.32492646553457,0.660924523121472,-0.827635683297877,0.0957029241680387,0.846407397383599,0.0512302071685078,-35.8931493472745,248
0.0796093394580885,2.37353280124477,0.467723943715553,8.35768251064556,1.6610202575582,0.560098325425274,-0.876781779822722,0.332219220616123,0.743027031206841,0.318243616741626,-45.244283565967,250
0.0974933724877284,2.73600748311428,0.642816847211464,5.08943640812853,1.49276211290656,0.483426223771817,-0.925385418552414,0.0716111627011248,0.664792468546961,0.0443622394531598,-29.4234757374095,253
0.0588890744051412,1.4638182807254,0.43075591821136,2.26689362682308,0.949261324283559,1.39931785634985,-0.801376990014855,0.68193638443798,0.642274122496024,0.0495094186787691,-100.752633532737,255
0.0782154320621291,2.40811740956684,0.436639319100715,5.90424266659005,1.50996311240548,1.19503907957781,-1.18157665132932,0.0508633411984441,0.775863979604212,0.0127222054913873,-50.5293176876189,257
0.0552271687772395,2.61170117777314,0.385362643098701,22.8084161953563,1.51267481898731,0.0250758901227222,-0.621455692755895,0.0622015229414664,0.609733116827037,0.416124753036832,-59.5933481266802,258
0.0519061835768398,1.25337979533745,0.804682916518371,22.4199886113066,1.72855736857633,0.569322090452492,-0.560701974015142,0.0477810296136841,0.869269976226697,0.0384402054174069,-99.6063442805879,259
0.0523106445829721,1.00913235742159,0.407142359565095,38.3546291819085,0.838065729642852,1.3635078436426,-0.659468125412362,0.425711841435312,0.737833848122215,0.0247533304618023,-123.006733037684,262
0.0812821713600432,1.71352578162988,0.38454836264494,7.37702364368167,1.46707840997314,-0.232694045199775,-0.601078775653263,0.283965850617761,0.583285231275045,0.0187250010024254,-67.9748024572638,264
0.058247188440135,2.76160210018042,0.401126610531017,11.6129685752125,1.15023640433728,0.54509447508854,-0.620652299353086,0.157758448320102,0.554502328105057,0.0450711245155571,-70.461022738001,266
0.117893592930333,2.77455087185918,0.736337171023466,4.94750978815627,1.41144946790535,0.102517038495115,-0.794914677708153,0.0704571575807992,0.697838655118103,0.0316405812774189,-24.1657406279298,270
0.0760717692938082,1.81010954941346,0.455490141124483,6.66072951467188,1.6576126655547,0.173784236861889,-0.486894637470234,0.110370784095553,0.817870299526899,0.0654214425936818,-69.3810247304619,272
0.0880468186444679,3.37463619549941,0.772734728361513,2.98553473622717,1.30512174406496,0.667796582511911,-0.847272678739691,0.0564964704994442,0.714840856017597,0.0546287286566747,-29.7041423277863,273
0.112193045156686,3.01781996613898,0.379824940827685,2.84296273182176,1.03964671647616,0.845218418695693,-1.09161430005475,0.0713718966241954,0.603120829604352,0.240560474037905,-18.6961558324475,274
0.0627222195925022,2.9623518951733,0.522165452207913,8.0840616863876,1.12123887953085,0.508786704230489,-0.821560231969006,0.282236212906104,0.481586408739332,0.076017981028487,-59.8080461640802,276
0.0574192458588535,2.98321137451738,0.702955876739596,16.3358368217493,1.71724391900538,0.292579928790393,-1.01817297176432,0.109659062956482,0.566852099979885,0.0614174102976285,-28.6435045424353,277
0.11522696971269,2.81290792022344,0.355760911558623,14.7321239017288,1.13698983068159,0.464506525483635,-0.68321943171111,0.0831943728234381,0.802483289411253,0.0885304313786088,-33.7065901479864,278
0.0440021521384453,1.26127613496357,1.18497764982399,12.7292500097391,1.04565795779466,0.95618192576358,-1.24631102970763,0.0839536551014834,0.355937580342261,0.106075846245967,-99.865452617994,280
0.0954406132479732,2.29029785818999,0.263187454517254,7.99671511279726,1.12188996291358,0.108114818907247,-0.581881383004376,0.0415692599451766,0.780914237221604,0.0132925545170784,-56.3593702943334,281
0.085735939277508,1.64358742815081,0.513366089047966,6.29132712883819,1.62188678200873,0.132696786000353,-0.794258094614319,0.179995907029774,0.676013235387071,0.109701297239348,-70.9553109434734,283
0.0743033341372522,2.73343124061347,0.41325915821923,24.5049790185841,1.06526104996704,0.681839506492899,-0.899538344701144,0.285477716668263,0.716065015377377,0.0715690598975012,-48.2713538179694,287
0.0605387345923108,1.40607071618398,0.715487075859399,18.8266686795217,1.09952504366193,0.928311084299747,-1.09555330446015,0.233114472704346,0.330920670536558,0.077813518721622,-90.4582962918638,290
0.10607186335966,2.48260280449958,0.878551740611673,4.37079548171623,1.30514942470316,0.588910055308857,-0.331722556692252,0.574336314431192,0.848846623866453,0.00831600136367087,-48.2955350084106,294
0.0354008413022686,2.38602592963516,0.541308777002772,25.4229144651465,1.22347472053117,1.04157649467624,-1.01649035723452,0.154358050834542,0.699352087714852,0.0444085940801356,-70.8211310330475,296
0.0688445086137327,1.37832168899001,0.638255525659333,12.6280187253151,0.853517695805006,0.814310770690364,-0.868798200993533,0.0996891962145024,0.707402980490692,0.460746493886084,-95.3913893950123,298
0.0683470789958365,1.03883991683939,0.6741724657025,10.6771501654119,1.04398060506046,0.696847496003228,-0.670836380796265,0.101924616021736,0.72798820471705,0.245910128042754,-112.825444537972,299
0.0874927245452885,3.3564586307285,0.400612054178466,38.6706710635928,1.24674089526916,1.1998550626522,-1.06566093408515,0.0733019847795537,0.829734821153866,0.0195810427857459,-20.4455710821186,300
0.104263894065951,2.1273519040808,0.828159775362961,8.24068904093808,1.41564584342078,0.58419823071954,-0.846781411971278,0.0343757102390719,0.811293620270154,0.0166394947201652,-59.7552001578485,301
0.0756727330784682,1.99869148392173,0.407913314771897,28.0606003453657,1.41909381073306,0.267903292206733,-1.01942686091384,0.130891194177993,0.515587423440027,0.0444500297922404,-72.3123790702326,303
0.0496878663341717,1.31755684613162,0.575305003217758,2.79785181752181,0.965039517869426,0.630981649098853,-0.496870398513267,0.693022980174999,0.800992288702807,0.190183824723071,-118.1366630497,305
0.0913716994135258,2.46040202896019,0.497041885310376,18.6821252448367,1.46545071731992,0.763220723911114,-0.819317002287094,0.045022465727979,0.846742791534897,0.0191448683840718,-38.7021586322137,307
0.111317183455428,2.27573331227128,0.596807548446202,6.03345601078274,1.53347122320021,0.475479501013785,-0.886414709779322,0.0588230442456409,0.805830480166973,0.0221655683729965,-37.7986346918823,309
0.0709411274119698,1.10034765356814,0.574501525580735,8.34352937432959,1.17157080495191,0.0608732024497774,-0.553866973766264,0.117180084688312,0.701129056423187,0.157908034586844,-105.352685052323,311
0.089047447398293,1.31231994852128,0.377505264171196,13.5752771629722,1.50864269278383,0.239912161630772,-0.990540442415959,0.092342597188996,0.692850953448788,0.155070645453846,-77.4419778721862,313
0.068601420162346,1.91070783943961,0.791502502745681,27.8357193330544,1.25498353722414,0.542868066857698,-0.457584650701283,0.0480031075147359,0.883603181304899,0.0164472207578497,-81.1033035813949,314
0.0607753080475084,3.03527704516868,0.63494709044874,16.6393558162225,1.41096728060537,0.562690062730375,-0.878599801387463,0.127703513426718,0.655629283891923,0.0902475321678808,-39.4944749060749,316
0.090405825497251,2.02334280186218,0.482230939607974,45.1514389824294,0.780955140708636,0.955724919792766,-1.07801002366348,0.104957643104894,0.426879896061597,0.0301572566804493,-60.7037873154331,317
0.043116821698708,1.32893139175111,0.882287899586227,37.9761688688937,0.992529936507527,0.0911723409596221,-0.702775511203309,0.1397977903462,0.417601939513484,0.169597264084809,-107.243599787811,318
0.0857857941354023,2.29709583621583,0.92162629450409,36.3459589748092,1.71925349137626,0.0307385825844288,-0.756278792829701,0.0461934633346061,0.844259195195911,0.0550604576727204,-44.397190979144,319
0.0747753548626769,2.82873445430505,0.774552880981772,7.17790235161426,1.25044157226599,0.579463674435222,-0.955997032247948,0.105269749427971,0.47668591093727,0.07972424843953,-39.8537679816285,321
0.0640193051650098,1.63497172798215,0.485818704157306,11.315122717362,1.35690458790984,0.994187946907316,-0.73473445665884,0.108729845773438,0.828890269662034,0.0428281173744803,-80.2703246386793,323
0.0517043033320871,1.13459219396828,0.494748074370966,7.69596141971784,1.35547252996184,0.731854981430338,-0.650789828378905,0.402407272182335,0.787555689825174,0.0494133561565319,-106.746425376483,334
0.115603153062991,2.5217194621063,0.468284156564183,12.7569923980684,0.850350818943614,0.885455933156387,-0.660572240870893,0.0588952087917467,0.792907495509011,0.0154898862183944,-38.7525725504673,335
0.0796342599783311,2.70299993216219,0.704011562198084,33.6231712681514,1.30763026442914,0.839396844523878,-0.841339908781597,0.123061987955112,0.848925986225851,0.0419752538889068,-40.1378274804957,336
0.0506667972172006,3.34730183145405,0.653847813112841,6.81586835084623,1.30364338948218,0.630822794861496,-0.55273971671852,0.152769199349721,0.682788754468665,0.201405793136951,-46.1595925063664,338
0.0677721531279927,1.39505825082805,0.531991017765212,6.57043467454684,1.57717543904055,0.969237454225084,-0.551534732619001,0.0901929305102632,0.867945086209833,0.0676064176998883,-80.7279152077398,340
0.0664453199482947,2.39567281203702,0.802458390545991,11.6372019127549,1.36823670256395,0.700011314931535,-0.915782396914598,0.0576878166586154,0.781943008558285,0.0674393924926775,-61.2888753767541,341
0.0705593026970314,1.98138346876931,0.765402810487955,22.2828003717455,1.5314717724715,1.18621115546688,-0.971719370975324,0.0575098129374747,0.880705329185377,0.0668502881824986,-56.0851400925225,343
0.0837971204267668,1.92094204579777,0.416659710021134,15.0846883851879,1.15881991219403,0.548004264153456,-0.994752629581051,0.134818081422808,0.527337990818972,0.0366264846886207,-58.5836645893779,344
0.0840150561427296,3.09369480071859,0.60095991992914,32.0570136758533,1.30752336556513,0.767480664054473,-0.885020436684901,0.0892502053417676,0.810536852375444,0.273073179683635,-36.268966047671,345
0.123899045768011,2.24891318487168,0.461899804499826,7.11404525245017,1.31835534738678,0.599222341859181,-0.803793604267308,0.0525272081643906,0.862912765315874,0.0212665528644591,-27.8279444706005,346
0.0460632397436525,0.791463252501327,0.442262660980607,3.07390215153182,0.938083836519473,0.943755498243243,-0.880541572903092,0.194351916819052,0.58599730100254,0.101603019240399,-122.584362122522,347
0.0675914851303164,2.21127499468318,0.46592087892484,21.05758539567,1.51662602812567,0.874971144832567,-0.848603603842456,0.171924889861292,0.848778305080474,0.0949049734346772,-73.5226759158618,349
0.106197122641011,1.90869552186644,0.706329308184361,5.53928386665801,1.20176434637667,0.142533618592787,-0.678091689849685,0.0999826965100074,0.601124400754851,0.179817580660013,-51.7640238314552,350
0.102309023138491,2.98933333047731,0.57664028794289,6.74704512532392,1.1797711795738,0.49412202332914,-0.632678199855058,0.0660044483407007,0.711415297602359,0.307387980573312,-29.0377398703062,352
0.0602963511694065,2.57263686839277,0.897465510966855,31.534282169672,1.25819285285661,0.431827916298084,-0.757569898513891,0.0521483704758801,0.789995755205109,0.0316635021922185,-55.3605344030031,354
0.0924649417016126,2.41238370092422,0.846402847736028,6.70077644140777,1.15451267705108,0.900428733642873,-0.636598985853423,0.530646063783049,0.85665634971408,0.0390239360381748,-57.3730706932151,357
0.0999143557928934,2.59357182035646,0.572008685056209,4.43221951384342,1.40392386742892,0.0044694497435617,-0.37208251883966,0.54374861716889,0.759833225897024,0.0472451368436128,-48.7772577462907,358
0.0815803922958594,2.47373353142774,0.614523515935409,19.6836548138843,1.40752158949738,0.565767027645147,-0.936965394202501,0.0487511240672389,0.771180273142479,0.0306559180488341,-51.7240529238534,361
0.0574299275474814,1.71539753362712,0.679677736293369,9.89407523041201,1.24320833744191,1.12237784833591,-0.689180242286582,0.477200602376799,0.846153478684979,0.029078369228676,-95.8746231758889,362
0.0927625429096333,2.15618415990012,0.573290717283318,5.98119667015922,1.64420380043234,0.543942373880759,-0.681212287734752,0.147692439787303,0.82436080006006,0.212960287926373,-57.164037147332,363
0.0720137810732491,3.13133571608103,0.515399132209814,25.2636871461253,1.28658180040833,0.922828034857626,-0.942242574542583,0.105635473848099,0.795376090688098,0.279197120730607,-35.8502155742634,365
0.0962012625002426,1.96338429417552,0.530770672215615,10.6098945575044,1.28538791260174,0.681089417032161,-1.09622634655508,0.0704944318300716,0.626010999907054,0.0676408997381237,-45.2449848385808,367
0.11056458048354,2.60181112456998,0.965732556439803,4.14999026142612,1.55955818741776,0.397616958807068,-0.966889635905829,0.0521203338924767,0.68471478267983,0.0879912671476886,-30.7920563482625,370
0.109666673140165,2.18562911167907,0.415286811465404,12.1210992663348,1.23957632574297,0.090154547101409,-0.824054097987669,0.241048775922532,0.413054191991965,0.0526923088103228,-39.3269697111057,372
0.0819710714739269,3.38191080158884,0.490483464811145,8.42506748660152,1.30729610962179,0.441643881843678,-0.650431706312057,0.235771916234661,0.639236828978461,0.129327434621823,-33.3217581364389,373
0.10056179800319,2.40412758411996,0.648289718183746,8.08035943192401,1.18737452163649,0.686985539264978,-0.712263238462445,0.08523908499401,0.777611428481126,0.108540020152236,-44.3532334046226,374
0.0602904898931899,2.40449139179972,0.573957359067111,14.1755117635827,1.55924686594851,0.577125422073623,-0.718510262711578,0.0524871621923985,0.813707980607766,0.0141793746818054,-59.0873873178677,375
0.086846021948414,2.60802039851949,0.475936706313055,5.77914089517139,1.40302552753999,0.206323140621294,-0.411081067766304,0.181058168977392,0.794740109409558,0.32260930680537,-41.9895420954511,376
0.110373053773498,2.05018063092046,0.658025761268437,12.7100177482133,1.4611467484791,0.945163907805663,-0.996871702266497,0.0382967634511331,0.863955164704951,0.0199198523668796,-57.8053925909579,380
0.0917396239498975,2.10450068751791,0.487388143828961,11.0122087609005,1.29253318652241,0.737420176160176,-1.08079267951468,0.373520933568438,0.243205085016918,0.124813690911317,-41.3775338706708,382
0.0509779074964078,1.29424726635652,0.564730974942873,3.27381665962257,1.4180784840452,0.0144626904963429,-0.55004185865181,0.131031543467859,0.532464626363979,0.141268228420736,-106.517547786799,386
0.0829464798828093,2.97820461803191,0.646528962536041,23.4972062946389,1.13050954508094,0.572647089847876,-0.899334706401606,0.101478388603482,0.659073995869202,0.312361885055047,-41.8512584921992,387
0.125655448762748,2.18980659925591,0.376574802591256,2.04286791390935,1.35303601066134,0.353941300292475,-0.566671178741257,0.137999400070345,0.728343744149056,0.41210421598408,-24.8402857390385,390
0.049548600001178,0.71232505290685,0.654975045378716,6.26564043578216,0.923402926540232,0.609607365212844,-0.489108264839866,0.278949820095429,0.574828839430417,0.235486287680829,-136.317563035442,391
0.0790886316059763,3.29800900259076,0.383975270712329,35.4417196283021,0.731841586739293,0.160273898064376,-0.388500021824527,0.295543921993687,0.536081223437916,0.259776432973953,-37.7705796986768,397
0.0740544216780145,2.80425135579181,0.784150304731789,6.63709373324482,1.01575064375853,0.600046782151164,-0.873643272003184,0.0918138525821068,0.570939425329466,0.177308400904307,-53.0969593125095,398
0.0586144023517078,2.54757120959281,0.572680862646063,14.3484507313799,1.1773664977094,0.734383463656381,-0.331170450404343,0.31883248175901,0.860667109905523,0.0769723706850369,-61.8710870037654,399
0.0614758049597336,2.22342408337628,0.452241988190012,9.05547105925453,0.751299862027401,0.21712109515049,-0.50732760461308,0.373367109565051,0.77804666547679,0.0164521981213391,-75.9126080077459,401
0.0675729529900196,2.0092142846413,0.553695237451035,14.9012313322285,1.86867905116834,0.167810592632174,-1.03904486927175,0.154047489545018,0.715974114919304,0.195772547462532,-48.2147325195815,402
0.0969157797282961,2.20013032614977,0.599302058235797,4.06583330197495,1.26470611308619,0.306500837145236,-0.852930631744978,0.0874614722187965,0.525731246501798,0.0801673853776147,-52.6068414385096,403
0.0894304721132819,2.38540604118306,0.5265066103663,4.68725885266186,1.42863126086566,0.15463159861163,-0.66769835527611,0.0710968824904396,0.734164731008998,0.0411338181510116,-49.8885644180456,404
0.0375070412925656,1.63922433358723,0.551176632378436,32.4016978235196,1.26643086714236,0.48950013968856,-0.97708342310804,0.261102289857554,0.275964087522735,0.277058065961749,-92.924968700912,405
0.0884626693512232,1.48238413523751,0.777433513343625,14.1340708261213,1.1425657336903,0.995670513494457,-1.11317743232442,0.0625174363530842,0.784194050089279,0.0195288079876589,-64.0307486279798,406
0.0715726821540864,2.03894037263608,1.00798732721375,5.22492726839472,1.22023048569598,0.565479858098342,-0.382676472945813,0.51333726726818,0.764429190503159,0.0380643478451048,-78.2866408570336,407
0.0974155372661465,1.64379001696132,0.425978675355046,5.25392498617102,1.34912294224518,0.694815000833214,-0.687140144414978,0.085118605929427,0.837574576066992,0.229765139830012,-64.9229916980432,408
0.098650728882636,2.41314869093946,0.70258715557939,6.87999069869625,1.45682781903602,0.534559737430068,-0.721440887517373,0.109996765015948,0.802714176612235,0.0679216707479496,-53.794175398397,414
0.0514390778836778,1.49943395733664,1.38702152649566,15.0218785133098,1.87164098162658,0.971502723083711,-1.24207252329975,0.0369141770557019,0.759533514390515,0.104061960640838,-70.3057539242471,418
0.073843662566345,2.44921789219556,0.635926989683113,22.2255045448742,1.36826856429064,0.639485855952272,-0.834359288399411,0.0755187433541757,0.793835080640174,0.0929941609195467,-30.0600709769993,421
0.0853380656200283,2.83613871152206,0.530830022725479,18.0063712576399,0.902980912489911,0.478832280402935,-0.782250016788371,0.191874598019141,0.652271096226811,0.100920199478599,-43.971357828154,424
0.107509767643951,1.90848076398754,0.753527396564499,2.045451765933,1.52986062529519,0.371506133152449,-1.03241253501407,0.0678925590989157,0.541534842230061,0.0618499881672827,-41.0574404604437,431
0.077128997464877,2.10682333122016,0.463609084964908,3.3277662743598,1.40758866658079,0.43003582890841,-0.705509885156644,0.375226919827714,0.648683340384244,0.283270396354816,-66.4173057205908,432
0.120304302070501,2.5834005449342,0.497194966912101,31.6097826633487,1.19635246859135,0.0347275361269666,-0.894647911852622,0.109818535901087,0.22775555130017,0.0278281444689195,-15.5684884149293,434
0.0757372119207081,1.72799619935681,0.624588724544949,32.7526260066015,1.38730277925453,0.947052577036716,-1.03272017174795,0.111505145197903,0.83301096295893,0.211281147973847,-76.0489761624579,435
0.0948439139435604,2.21613753554506,0.540843651772032,3.26299595791748,1.42097687370766,-0.196962546035612,-0.619677094398029,0.127326938027549,0.563741193139822,0.174990330858519,-53.2141019339215,442
0.0673427736012499,1.3970360397352,0.670393348863368,24.2658205667805,0.500047255250817,0.321971859011879,-0.421663273867095,0.183801603994754,0.410327852394627,0.0382292343718397,-106.302544010273,445
0.0725895421091865,2.63507265955875,0.687121492904921,7.39763643565415,0.660270573237776,0.511471676601548,-0.365625024737597,0.0948074311272989,0.744920817226137,0.145014047275963,-62.4852787285298,452
0.0670172554481653,2.42041693793945,0.524455369680578,5.09210840822642,1.68443120662292,0.785003985632703,-1.23359189726821,0.0833548596428232,0.653401991535759,0.126507929556219,-49.4500167197369,457
0.0621539573010748,0.504985537487968,0.369758866372162,9.24595564526532,1.05284913896641,-0.554214293714995,-0.332398744184473,0.292386196939442,0.439319587794713,0.0320296770731369,-106.320713886232,458
0.0939672774501506,1.39011456305167,0.42203232020112,6.06283432340113,1.17078340967262,0.185067202616015,-0.732875722838655,0.119368724417473,0.703866954734115,0.0513754682410659,-78.4563850426296,459
0.0957490950290956,2.00305781152733,0.765875055971465,7.75243528810589,1.51999079768061,0.148741922179525,-0.905509713874394,0.0851046825013038,0.415463765335285,0.0704805914679545,-56.6845213874154,460
0.105518650337675,1.88394433679613,0.474836173503821,9.34697233706466,1.15700841034239,1.01661334698449,-0.665905359210788,0.189802124659169,0.875263664528192,0.283351971420562,-48.6682955125365,461
0.0627651040660288,2.25757279097017,0.544488891375205,5.001612306771,0.970684724421192,1.24743668231694,-0.985516840017035,0.0898981456928232,0.698629904942678,0.164932951117356,-56.3409055826251,462
0.101868695928494,2.60969302333981,0.517595956130664,15.6611263544574,1.32428411333647,0.969839462571951,-1.00335752801589,0.0364888718986497,0.843248963177226,0.00953254011842758,-37.5243213508491,463
0.0860405495778262,2.79043170752695,0.570884302209368,26.6893753575426,1.4056839146392,0.601381450688666,-1.03409538712219,0.112452418671994,0.690681777249199,0.0370404327856965,-27.5469448417037,466
0.120668778756103,2.72729378825535,0.374775217167478,13.539109626295,1.10052412176019,0.241573527150031,-0.728427630999903,0.159337757651599,0.690642379087322,0.0430415101514076,-36.8577253067986,467
0.111560794462421,2.73199704150945,0.42624245233234,12.0882198224603,1.53194118133691,0.161517327486489,-0.865086794797426,0.0790054525544427,0.81218454107122,0.0185379466484307,-30.6985482367982,469
0.0977400642874174,2.40064768879528,0.569861087900678,1.9492777462863,1.46581154597246,-0.044935227091674,-0.640434711251493,0.164871761219836,0.689497812414283,0.210023352516382,-50.498794612495,473
0.0421185062014236,2.19207215736271,0.820398284335661,20.855989592727,1.31466338215806,0.600211342966518,-0.195099870698695,0.138521847911,0.843110747047224,0.0809963392992308,-81.2555928647651,476
0.0645078392530573,2.18650277394706,1.00037964198162,35.9605360333375,1.25549571709773,0.783818928767601,-0.469417284523341,0.110727607604115,0.889921027254438,0.137775241707745,-67.0510260990899,479
0.038804887827854,1.64248070148274,0.796290008191055,11.850682764011,1.28015370346584,1.24091454534369,-0.874464386497091,0.135081646555543,0.756130010128473,0.114386023077782,-85.9369958630253,481
0.0841270576218099,3.03091465963201,0.366698894137997,20.1330122613424,1.59984577626427,0.513757143337671,-1.16750388220259,0.0886473731870581,0.710551350093269,0.00803486690114622,-27.9785290195391,482
0.064901480372733,3.6741986512221,0.628160415254104,18.8397241200504,1.2789754619154,0.734525135778845,-0.992772599277377,0.187812861682645,0.29939909239344,0.0757656979356465,-26.2836365490396,484
0.0707024968137476,1.97757114459295,0.626972787722408,6.25922563810681,1.14854591985042,0.77923431877825,-0.700034597915056,0.285669995926755,0.748469790089006,0.0366349304025248,-75.2628214953728,485
0.0298634385334419,1.23708105626283,0.634583255247618,9.04946045079716,0.795594963610086,1.21065669506763,-0.420272099339769,0.255168928532338,0.818752771103347,0.139298981243088,-110.327320371638,486
0.0755054408577036,2.34156340848523,0.602267628330631,8.44664623677757,1.62823001294247,0.178461109282064,-0.921562471556886,0.186061623414069,0.645147967648417,0.260291516863467,-50.0583233654649,487
0.078495582670726,2.83974716945244,0.79054726072408,21.6073236161949,1.60597286985589,0.388257901600256,-1.08564122343909,0.0649802304906753,0.351327202694465,0.0852592460995364,-35.4829105558457,488
0.0741882400174514,2.47788565781424,0.512346550920889,27.4566272977463,0.743610929612417,0.983622400556647,-1.00000832166302,0.104841436699119,0.284986601820127,0.150476356017445,-43.0877833384365,489
0.123234749414425,2.00740770370624,0.451522726319694,7.21840156482024,1.33417074520401,0.0575382231171714,-0.519381047303802,0.0646168542042702,0.829128907452959,0.130269970277138,-48.695010547629,490
0.0657586630165337,2.3753287429741,0.413119209669068,16.7321207127611,1.24313952436114,1.24822788131172,-1.19439247337244,0.0454516711349702,0.749902193745997,0.0162142290137417,-50.1608287343824,493
0.046433295832181,1.68362839389628,0.558949327921665,26.4994852285641,1.26875636632768,0.709193470455135,-1.18258423697351,0.222681174918489,0.508197358841272,0.162872394056683,-93.1607229153953,494
0.0599099475869913,1.41849434232446,0.529872932514088,20.3115961005732,1.29175493054037,0.673924362266304,-1.06850003967519,0.114746851841974,0.451895762413691,0.218965398374122,-90.8192136988332,495
0.081025426447543,2.18758635765084,0.603616049175038,13.8901989468095,0.982889181553178,1.17514593815707,-0.815255502844004,0.118385613958734,0.764225705192496,0.36186542878916,-65.8389051826906,496
0.0862009781229978,1.67716249746518,0.556949327814578,4.34167588982541,1.37267507378737,0.409562823421441,-0.672062453972424,0.129604494605855,0.717806169340483,0.130863853897173,-59.1754043304883,503
0.0891380366715845,1.90006382958964,0.898246850583061,28.7010177861318,1.57586975663485,-0.103623804161416,-0.250772672231253,0.0937739789505799,0.868316451658718,0.0656544517578341,-57.5752613411656,504
0.0866511379117441,2.61570763009636,0.570974859884394,6.80082555217415,1.05700037318042,0.98567658073619,-0.652014125869787,0.154105635602587,0.732887040831512,0.312559908891637,-43.7027914784979,506
0.0826371059940813,2.75408197522475,0.827985145928768,4.76332440757131,1.31056627161892,0.598939577337592,-0.664144954693319,0.0892556100826135,0.736296959102824,0.188816166654411,-51.6959382074666,508
0.0764964268669354,2.75706375913695,0.654095026013391,14.3660901813223,1.86136667193409,0.0682331302885811,-1.01372237670667,0.233901723866299,0.337038975803226,0.12814228099243,-22.9039678770422,509
0.0920799729146434,2.20623438154452,0.606152457112771,5.46339657934623,1.43688958736363,0.687655207868906,-1.0323421813558,0.0544674636868982,0.769286876144663,0.0406884833753616,-48.394560912003,510
0.106728049155997,2.80149414768195,0.734231683552826,1.73116045157631,1.25944698905133,0.594433844215434,-0.865986370288864,0.0594839065433682,0.56993801941461,0.123210376281203,-15.3646789218783,511
0.0946981225869647,2.26081008559188,0.536303336195881,16.0480340597404,1.15070781495639,0.447141747096768,-0.63985700710602,0.0603744627057216,0.786890480184973,0.348911540342494,-54.0007804238757,513
0.111434773929974,2.31487835702219,0.481919167694877,10.4286049802117,1.27725723294571,0.427673073352462,-0.599971028229584,0.0636370613478402,0.816737564673125,0.210350295875623,-43.874980596315,514
0.106147228814415,2.69885259724374,0.625765675333602,28.6507064575186,0.988961795031167,0.994580776511148,-0.758817121802829,0.0742741459437806,0.891712099798912,0.184035096228482,-27.7023743610835,516
0.11205777351865,2.80495318424527,0.444190069582007,34.2614224215231,1.2413201718869,0.734054090760203,-0.763653621041748,0.137044407350469,0.890237164908646,0.0889004943521189,-22.0592224173796,517
0.0870576370238155,1.62209462761465,0.452561944242815,25.6979368099221,1.05485414724691,0.417902788649465,-0.95944701364893,0.0529668819294357,0.498470302785976,0.0167364237849566,-92.854962234518,524
0.0554737862302876,1.87871604543749,0.732956429667412,14.7055921486697,1.60975618120939,0.239102130970925,-0.607541471816618,0.0652385789960513,0.787251199885255,0.0809015824127073,-89.0571816039829,525
0.0831550799673109,2.45089674434095,0.371109486509782,5.97942622045091,1.22035985990376,1.02409111484255,-0.937901898389961,0.0682278195901389,0.794966973752597,0.151964360646894,-39.0601522489862,526
0.0900242741454593,2.80062848480247,0.979349366966225,12.83500235462,1.5131810964434,0.508322378851755,-0.968784574928423,0.0533868890350007,0.807189719104167,0.0328637883544622,-36.7974651194474,527
0.0484538803706559,1.42727005357355,0.370620325454037,22.7383130449628,1.03175383692335,0.478823174139933,-0.715810034636326,0.390480099942424,0.588673048650469,0.112563747398687,-103.841699311731,542
0.0549412653980058,1.60010001807609,0.603032611609989,19.4010083491015,1.11989486167158,0.490666153247755,-0.926289915232495,0.109832754305993,0.557155704747226,0.0366960174941095,-93.0244228022964,544
0.113887994271828,1.87511414537471,0.31145945818669,4.56592889741327,0.839136013885801,0.557488117406156,-1.00551546215103,0.10524320053788,0.478306644195916,0.0274939777717099,-40.452259562154,549
0.0474056088163011,1.55078828150907,0.798147697132448,18.2074442777061,1.71339764804088,0.768002283765126,-0.869475923929431,0.0988075239001769,0.810161072091674,0.0551156160336619,-82.9815781411263,550
0.0874357178473962,1.78763955949261,0.371746805758787,19.4316466247242,1.47798855765541,0.548858127350588,-0.939273293045393,0.079861532120642,0.800779893724715,0.346435791549421,-67.3927367027537,551
0.0996787273090232,3.42795846620176,1.34409578029409,6.27134321493422,1.35989182135003,0.287305792752349,-0.729251590743993,0.0321216100412261,0.839480063277248,0.0262278672831924,-31.4876111521751,552
0.130583921107054,2.44264102514102,0.357023564705828,2.4033607116299,1.45417741822581,0.183454069796272,-0.348136252806671,0.333409399865191,0.806772705105077,0.0597939249456317,-32.3467233656936,553
0.0705127615421405,2.50469438986783,0.457282458122571,7.5842899434999,1.47097734768893,0.773500538037912,-1.06098947750696,0.480347290812535,0.645046893040122,0.0201494933858885,-58.2637509615721,556
0.0804374899229036,1.90402304963599,0.58593134691324,5.66218645527229,1.2144876272369,0.511027936564883,-0.599636259078598,0.334103060748727,0.8047464777942,0.189704704481823,-80.289960810224,560
0.0779876972277483,2.1213684825988,0.588170164354985,3.27853899451337,1.08990480319296,0.201699510586644,-0.269887694338948,0.446256278348214,0.765531491672542,0.223565270340026,-65.2468702531922,562
0.0567424534521305,2.79344886040985,0.76194828257727,8.32958615308651,1.66154402205453,0.53911665943869,-0.824440294567354,0.0576165124667426,0.773937791351819,0.0299891652666859,-59.222090345924,565
0.0856124211302484,2.25363369214315,0.54025728673511,23.6064354339747,1.58284430463531,0.192212623233752,-0.791384750767713,0.0610885731469518,0.790945651367029,0.0315864047295026,-41.1818810336587,569
0.11091695179439,2.22061315534391,0.619829202805855,1.99938910911941,1.06059591935867,0.401132202140339,-0.632254660018492,0.136053726771298,0.619531296195607,0.305000344447518,-43.8001405047614,570
0.0915327119246485,2.40746598566269,0.363983677485898,6.0189816108948,0.75221533090164,0.60226085804265,-0.571270265390565,0.109561692053583,0.657317169781603,0.0927636701049475,-47.4684842496901,572
0.0886358064763257,2.36652961901998,0.538883769434115,33.901088636565,1.07911172497292,0.995591035143258,-0.686858456048007,0.0781800612193312,0.87579640328206,0.0415636861062542,-43.0135993561514,574
0.0822377266566824,1.1978044412065,0.69653086602761,19.9397031930172,1.21350346634211,0.680173557794517,-1.09243115168237,0.0973785419345847,0.459082491882283,0.0582743426623381,-90.5851357444831,578
0.0670717862077242,2.17047124961366,0.580027896670312,22.1561369848686,0.70212745226367,0.528568139327157,-0.513498152931812,0.547864497005388,0.469053452023148,0.0288729839810406,-90.8002116810716,607
0.0378743286403318,1.62042340106364,0.624629806569913,21.1551865175914,0.971893400654726,0.485841294857516,-0.776850820925601,0.261745593474001,0.623937111458123,0.0570335738869297,-97.8964570358008,608
0.0978217224145151,2.29518937951634,0.800639764265198,31.2014915285378,1.30421050763793,0.393196816060075,-0.480815120847852,0.107477186288791,0.882025116022017,0.131616131705612,-40.9254930672624,611
0.0796565700551279,2.80803441538266,0.990933120633248,3.38129559123061,1.10348938015878,0.788587766543908,-0.778741125305222,0.061519712205327,0.574433080729741,0.0929435785254128,-48.4862670022371,616
0.0592668618230456,2.06844811474305,0.454113382856715,28.5181209426544,1.66521927222066,0.875013533600825,-0.892885406574175,0.089968193113362,0.862804544212294,0.117160077873882,-76.3738435413092,617
0.107619746360355,2.23913214684482,0.713019754484211,8.27694206224649,1.37664668283412,0.239532656497647,-0.677431230940206,0.168230812813037,0.782182466398741,0.245056149176479,-42.3134147413431,619
0.0695261700387302,2.00376301625963,0.701247748151325,9.59094430952488,1.4102715144969,0.557072794203225,-1.0568887945067,0.111211213722091,0.65617721978275,0.231660483993752,-52.6759631660574,620
0.0619388120000726,3.51552528009453,0.550498996333746,6.54273400609963,1.07998901793706,1.09239740207147,-0.637757992236175,0.64156725410635,0.748800424564127,0.0807928531674417,-38.7150615608855,621
0.07482185144843,2.95439566402508,0.724480382888392,25.3647010176681,1.3173804769184,0.844241622171989,-0.911950514699599,0.111562694466646,0.778604838254753,0.157333609718398,-45.9244965463876,623
0.100804846731991,2.40434351575777,0.520123422580367,6.20003897960749,1.46152287245924,0.372841603907555,-0.761073056403219,0.0785544143804014,0.825439795831671,0.0449422314881205,-36.7158892752517,626
0.076139456945172,2.35471226256134,0.407898872327281,67.2251918956867,0.732977195909762,0.211157359702284,-0.55848636959924,0.296525278313652,0.494092333373381,0.0998424844381765,-76.9079341813222,628
0.0812659302656092,3.0800373115118,0.458111270441779,3.55075599322557,1.34718750462191,0.411840489330356,-0.827088754383766,0.187111387034296,0.544151874591007,0.0965505419826777,-42.0086621412437,629
0.071076152903173,2.04154706452913,0.590245151158199,13.316282260357,0.954726074078817,0.0779744958775301,-0.550073170115682,0.371620223011275,0.582958465983571,0.0285887167359993,-82.5156129776621,630
0.0787955975244252,2.97923399021562,0.396359725131838,14.1882825803308,1.45872794745842,0.597571067795781,-0.817820260731419,0.10517674882751,0.758945126031295,0.0856620026191095,-46.3609668127766,632
0.0996433242054634,2.10430462056429,0.387559010929976,1.63520318445969,1.04453036953479,1.0347022460269,-0.69786518011821,0.122512657242334,0.749838147537609,0.199241514736179,-48.1449176057803,633
0.0657603485631368,2.06399027072791,0.507716806089552,21.100179204645,1.65762520365316,0.336564074290706,-1.12525610664449,0.0830615510057978,0.435107344005585,0.0463149078190465,-63.9210697244756,634
0.0749484226466993,1.07528268907542,0.528497587818233,15.9998286011247,0.566117296548023,1.07894760864988,-0.946232392317754,0.138906253900107,0.428431089556458,0.151506961902286,-104.544715215159,637
0.0931298926368829,2.19442794504858,0.41910263837462,21.8943425091735,0.973831309349376,0.653712398887154,-0.596591463384979,0.317207980924021,0.788100157764452,0.28486900528503,-47.3144872355482,639
0.10862166428553,2.63609337022395,0.544314887255118,3.02179030149678,1.05362341344701,0.544054502237649,-0.726602162111169,0.107074799634049,0.720218082983,0.340102181375601,-28.1051594104308,641
0.066840491180504,2.2022536608674,0.450631166536925,12.6648975301578,0.983557369711705,1.00954302860159,-0.730044066313205,0.256147374064895,0.810569754019423,0.139318936089496,-81.0466561184642,642
0.113521917272178,1.07619075208796,0.257210326657054,26.7402926245182,1.00657078648645,0.396477329129458,-0.694643582647289,0.107963853275754,0.594681326435938,0.447493414030604,-75.8606104286886,645
0.0524002669355923,2.47760663426013,0.769613499105643,6.76747236270222,1.1871966719195,0.768447252968992,-1.07885201805594,0.079694629984498,0.563449500936128,0.237313723685839,-63.897590914162,646
0.0785978959728086,1.90631927710362,0.447923557447593,13.6687461567426,1.08206253359701,0.810593223520892,-0.783796372648237,0.461126136022316,0.710967125827252,0.0397666064266405,-70.7239203767756,647
0.104997060967035,2.29030545343209,0.51448674188285,29.918511917497,1.6479190241803,-0.178001078121838,-0.486198570769581,0.0508964156330479,0.844726751733426,0.0180234380364394,-27.3152295261959,648
0.109945676390465,2.24353437315048,0.366354220258369,11.5023410209095,1.3226542202016,0.430083568705807,-1.08205249351616,0.0658831457282935,0.580737704349973,0.0311891440526883,-42.25341065782,649
0.0569635413208995,2.17791567034105,0.565288214898733,13.1506608970655,1.60627729784684,0.783681847386276,-0.866431121493625,0.0854235481022682,0.818241713705901,0.052736517718805,-75.6217988827324,652
0.0586864852705368,1.0503879021354,0.748223087332409,32.111992907171,1.00612006637879,0.418467588168127,-0.759730141957035,0.185336001566826,0.635608017926496,0.0536642141268386,-107.150014602125,653
0.0906529741159462,2.96773458749676,0.473622076792081,11.8128756911763,1.26966399949738,0.604539003745725,-0.958120292023382,0.153921168520863,0.671334132399056,0.0120337626755961,-36.0408764898147,658
0.044963454629691,2.11466610950715,0.636668406927616,11.600467203329,1.00213088031386,0.902467389223385,-1.0663254930249,0.0653829557473778,0.580569515147602,0.0733927170278542,-72.917760526119,659
0.041066499419359,1.24370657776131,0.633268332821389,16.7326924118089,1.41443199675378,1.17954572512432,-0.531218557800976,0.145230414574522,0.868948084920918,0.0390218321579896,-110.888541725908,660
0.0768783665788679,2.48229290473744,0.854506339879513,4.51546908080346,1.11196156557035,0.604491746130397,-1.01671647450073,0.0796939261231218,0.515650639314513,0.187472590726621,-50.5907864768498,662
0.0819215196995264,2.53848834350604,0.505186062809786,28.0568699130362,1.16373668933635,0.998076040213886,-0.722890519160551,0.143296799640629,0.864182833249408,0.120225820295449,-38.9367607327691,663
0.0886463264373919,2.11866883888752,1.0920796214488,49.4544048680504,1.72320200180852,0.120862408582705,-0.642501978065721,0.0491855693664088,0.86960195646133,0.0442136527261784,-49.4259209815111,14000
0.0711839250270394,2.01745327744754,0.49641884894524,19.8338315776971,0.892910720412042,0.676021611040879,-0.548630685681828,0.0296358914770555,0.831288321428276,0.0167179819880216,-54.3287103573139,22000
0.07138342138352,2.23966444570585,0.650420718086945,7.19833618140593,1.5930713099581,0.182355464349407,-0.527820132755262,0.205325113652713,0.769029698265574,0.263257288596643,-61.8335906924207,23000
0.118855894466561,2.07983832707281,0.466482125718091,3.88611345894183,0.846074942798403,0.64872704045042,-0.372404875526027,0.36564942273192,0.77424688243883,0.102777610937575,-46.3952811853272,24000
0.12726278058509,1.06029568333958,0.433770013910545,52.3766098526806,0.873420336153961,0.727415823486672,-0.866977965767018,0.108750809454139,0.49986051872558,0.0390103393882369,-88.2371568615223,26000
0.0889383448781055,3.08416314686392,0.531787996492572,29.6177852043464,1.43446725132529,0.438035511460961,-1.03253897161609,0.189687108320466,0.298462824573318,0.0401115977905918,-31.9270711398938,28000
0.0798875282491204,3.69711319844958,0.683110292874438,47.4402665776387,1.34638721272154,1.15320483316947,-0.766677512675427,0.0556018997640228,0.874751228456466,0.274580583365226,-23.3198601879721,34000
0.104911263006731,1.86137854578975,0.54114919188769,18.8548790332384,1.19385325934371,0.4614904118331,-0.971184684712788,0.0565253304825781,0.664586595503939,0.27214955042955,-61.7328309336436,35000
0.072494028232887,2.56619214820982,0.500658372285359,11.2757169962984,1.23048566027951,0.355886942882798,-0.737011411674395,0.0897342697807213,0.692745343791275,0.0662102493371619,-66.7643544784128,38000
0.0553868762316214,2.11271843801709,0.732957519633509,52.6752400821477,1.42876881110467,1.10911443386132,-0.761675793328092,0.149667482279651,0.887545518640128,0.0945094227895177,-77.7666182492802,42000
0.0554360488274968,2.28736124026639,0.490481031044087,29.4289275471261,1.11560086656334,0.282646641960076,-0.745276862223882,0.145490557077473,0.562849661765111,0.0409380029763601,-75.8111610021768,45000
0.0550219320621196,3.71738102585196,0.947610686522577,18.215513659584,1.65532205680833,0.747913378676162,-1.1756900743378,0.0749332177484821,0.66384630520329,0.0384906743748049,-19.9328635125713,55000
0.100929475818307,3.11033676771216,0.480181465477146,10.7202997135381,1.1422625274485,0.778537243811156,-1.03718975490978,0.0328576516629885,0.78264628740424,0.0208959985860298,-31.4301399988121,56000
0.0793348812789836,2.79139225912557,0.432047544621914,50.2270959699623,1.59402412537267,0.285629430155779,-0.929584667060522,0.169064065705402,0.772784064369664,0.0121057850010296,-51.0942117602814,59000
0.0984810398641572,2.67961759579564,0.51206489278353,60.3470418439805,1.53372983514638,0.163760980873267,-0.614958473928624,0.0918467633798087,0.879610621548935,0.0856202071891964,-24.4063318762901,61000
0.0872053343095746,2.10133358278172,0.912180035016885,1.82880086479288,1.15604239952651,0.891925543750169,-0.986338349149421,0.0659775258870466,0.486512239788969,0.107147171387952,-53.4139449725798,62000
0.0973515298567331,2.24979749582512,0.719225350922177,33.9944535687161,1.1956043729009,0.947534250415889,-0.77140503470451,0.122914338742859,0.893446263858425,0.058531424985521,-35.9163841382839,64000
0.0935822331429342,1.36583359140044,0.491441684749113,13.0774598663164,1.13426570892695,0.431599112378591,-0.818281955669939,0.063636410192511,0.722038772214401,0.0298837951415823,-80.7104367486167,76000
0.0663572258706639,2.19314668096299,0.398258010033069,12.1065367671814,0.947684794645296,0.700025808371994,-0.761616836877088,0.132775486798371,0.560129407435325,0.0758577022218158,-77.4708043194269,78000
0.0908491443927941,2.03847411648941,0.467977118507692,17.2697272384802,1.1196795804125,0.426887586199228,-0.830907133278854,0.121313374115873,0.602524896115386,0.578914967980505,-57.8086765253697,82000
0.0567247482223846,1.54112356741033,0.390933037714057,14.9235657180178,0.979226586586876,0.320431868758081,-0.764873300618653,0.199770245533243,0.604462692990146,0.072672521539006,-94.9007412270399,83000
0.100345497282761,2.29951573295796,0.553815021866877,15.0226228058696,1.11448135261467,-0.0738898441081916,-0.682888901016658,0.138760192330324,0.57319394348978,0.0905525382038938,-58.1487016180245,124153
0.103863733139831,1.26802377643671,0.468614390525907,12.376078666643,1.23540410150023,0.927667401488026,-1.14199140212163,0.0445397983945503,0.702576397456809,0.0133596104034196,-66.2160117549265,133000
0.0628085535605658,3.22095841808139,0.463839747465232,18.0004995433642,1.69978579293237,0.229974022156009,-0.978272768594199,0.16281263699619,0.233836438927542,0.0996458993493205,-20.4009430333707,220000
0.123191866339829,2.61516330744673,0.455313813258204,10.9817072003135,1.26889008215678,0.320177704016741,-0.632513346313123,0.0926846279119792,0.840091959916229,0.0517206597493282,-27.3148022943677,221000
0.0690736528275494,1.77022869236514,0.942802429346136,20.5214669075648,1.73873889712143,0.759178471806358,-1.016399918103,0.0437073082990209,0.827369197963025,0.055810377425418,-58.9032591480051,224000
0.0611682845369318,2.64491065469801,0.602704857385863,23.5338587201224,1.672762375967,0.926750356015135,-0.661119466219085,0.0911184754948309,0.863005255874066,0.292834637846773,-51.8604688845922,229000
0.0678286983415458,1.79088012386669,0.929184818651098,7.29619734728773,1.52555354717461,0.415553613669496,-1.02506390639833,0.153871225972087,0.334051549223432,0.137563340497787,-69.4600882834645,238000
