beta,pers,epsilon1,epsilon2,epsilon3,alpha1,alpha2,alpha3,scale1,scale2,scale3,participant
0.0536490893042693,1.67071422636452,0.410191133689482,0.992694350960075,9.81167764135818,0.745696093705377,0.611590589390253,1.40423806074692,0.790700925717642,0.566218813355533,0.0547397591637549,3
0.0693719817025181,2.56352263118395,0.313353004736729,0.637125630822888,10.0488143322915,-0.199442532709105,-0.0779308935223983,1.26876264897459,0.333570121864205,0.318373852138457,0.0491783462644093,4
0.0572519128663235,2.26970162418506,0.261329788813723,0.823713109702546,9.12473245781922,0.663538076098607,0.445383010369269,3.37194206712563,0.906152742516219,0.48909186413516,0.0951139952007788,5
0.0493267070183089,2.14614615102697,0.316908534164275,0.743573595176548,9.13355096901873,0.754468280301491,1.42808836827314,2.523226152355,0.545965498622443,0.568978868667005,0.0719063944704889,6
0.071859558826997,1.93920639761111,0.263013930534324,1.47564006857066,9.53631321678137,-0.0769194874844236,0.773769944198225,1.5506845078124,0.903555170234566,0.614663719477688,0.0524866676393345,8
0.0603273219738026,1.50971764576716,0.199989834184108,0.346105236214603,9.7438059121306,-0.65585327794431,-0.472360008692817,2.2722881272477,0.923419705502639,0.718622644903628,0.108063509573853,9
0.0608073785599489,1.27271467504397,0.330103644653337,1.5262587127845,10.2131967626372,0.670788146590292,0.374597519042745,1.34327983027564,0.636157255256672,0.493008427963899,0.0534524869249098,10
0.0588834534308624,2.26233587690941,0.262539134715369,0.394135718384982,9.35444807657457,-1.23197591320475,0.236355728700392,2.11183047558492,0.755388135264425,0.634719004755158,0.0708466763727499,14
0.0533471143608583,1.09298192684752,0.202536080750228,2.33225609537871,9.84692389263491,0.820314966043269,1.9530942010685,1.73182170667717,0.884507921068296,0.485457036802115,0.0778988335244714,15
0.0568959114946368,2.11122963689123,0.312022124025223,0.782896177109895,8.99682060024426,0.529942511254185,1.02730632180826,2.53924095862259,0.463936157626023,0.532486456131015,0.0767139056855364,16
0.052069654536711,1.79190778755019,0.304125117289244,0.521006839366124,9.79440151360111,0.144892498203109,1.48467550708914,2.37599489701605,0.409198350413736,0.375036616710887,0.0705913574969482,17
0.0518574461883134,1.12497033467316,0.52690167361588,0.72978934622717,9.07402902354442,0.741008468994753,1.18968377410098,2.21195941625826,0.80053076841509,0.466405146371627,0.0770125699493186,28
0.0544813626473706,1.72457259112946,0.423155172735018,0.600861516943488,9.11429465186,-0.889290042862065,-0.31810345806623,1.55322769254135,0.811493619081514,0.320608320505906,0.0595818314924141,32
0.0592479177077544,1.24666506542997,0.22111680549356,1.497456023613,8.72905215126338,-0.214210150227332,0.638366231294716,2.18300546912252,0.76870600337379,0.313528389076992,0.075181890044767,36
0.0640632545411073,2.86563636836099,0.207961089991957,0.401718820098879,8.67008909112674,-0.208515268465994,0.877922424904316,2.69495455060587,0.922463844779529,0.681674084584672,0.0877185946991829,37
0.0568679337254178,2.13686583152376,0.298894720404511,0.302421664772891,9.08762781825553,-0.361991285784724,1.39328842848448,2.45667088422395,0.889856294564076,0.55220606903448,0.0777092007353836,40
0.0550198004728603,1.61063563455652,0.252968488328011,1.6855074296117,10.595063908682,-0.736430452125312,0.663845343240399,1.92872535344948,0.784923895487807,0.391116905555177,0.06313407887606,42
0.0591490105182474,2.80916530374513,0.398165663215197,1.66096886953592,9.72086279835372,1.26546507852383,0.876387946446088,1.93392822704131,0.903748898609592,0.549064825433075,0.0662302992031494,46
0.0650514057168642,2.16817015477979,0.415271988177167,1.04002415643119,10.0388545911016,-0.172124384476727,0.611947427860728,1.32643360135486,0.86117071001434,0.491799111743366,0.0484236672099248,47
0.0527429059330176,2.09519841612388,0.315086353314342,0.815312785464353,8.96036608291284,0.418084131981587,1.98430553337166,2.66576659426901,0.911996268538584,0.566034329874105,0.0770420246708302,48
0.0384714592218945,0.874215707276033,0.381912723788194,1.65392871518789,8.12564734859999,-0.018088644099718,-0.870573395612494,1.4807998498251,0.691357751269976,0.32992234499501,0.0702395941333151,49
0.0467333434266534,1.89581795051951,0.449906816289371,2.02150874945516,8.52759910290071,0.421426052045313,0.67717645231704,2.31848888548547,0.758914868681676,0.375687544247377,0.0622389543675337,51
0.0621328228388843,2.32194079688314,0.410670553719458,0.996222583507858,10.065415816734,0.579931397563487,1.17632934574711,1.99935998369066,0.915258184382407,0.539332255232472,0.0685167438044211,52
0.0540867190823184,1.43473179499934,0.360974282431776,1.53875368345096,9.89588978979708,0.169458857172707,0.911404046119036,2.15317459199009,0.701434127212663,0.480630633960447,0.057910314744624,69
0.0620460079281221,1.84727759128799,0.224099521376728,0.345982223478528,10.1884694028192,-1.01320296726581,0.362325084759585,2.03832257218157,0.680658414067026,0.386160688433363,0.0633037371829704,72
0.0506293565107513,1.87846403993226,0.285220000674651,1.81749209521071,8.93212042019131,0.883125005072386,-0.0318785000237769,2.17302222631906,0.85790902809199,0.484160597482987,0.0661452373926888,74
0.0485578874115189,2.61167238092566,0.365157469994139,0.737972738780036,9.66396113277434,0.635583458972484,-0.373010116720897,1.91880052628155,0.468722551092942,0.51397607277599,0.0670095389109433,75
0.0524992930864061,1.31376563322537,0.358078065779278,3.22421900606212,11.7602875906239,0.35966813824363,1.19066386678683,1.89533864684485,0.305347217994206,0.252167397043377,0.0456263122041453,77
0.0629241742971871,1.93150078790578,0.235563225550902,0.944152414149837,8.41881761428082,1.12099243940194,0.401196791477569,2.45024073341417,0.365833158323956,0.462371669294094,0.0601898083545383,79
0.0565154485154054,2.7338499344802,0.327708218222195,0.71635348991598,9.34420480488419,0.0937533165117018,0.441268551600677,2.28806840963971,0.547122790180122,0.62247207952022,0.0690729776921924,85
0.057241028580067,1.67292407203289,0.245943655848366,1.64307874796641,7.65012476039107,-0.12788355371094,0.955318984856878,2.53761930745445,0.626662759155841,0.500730154224922,0.0669100932099985,87
0.0558712827492702,1.58476057335258,0.247432276701912,0.316053165018427,9.08470984346475,-0.807490652427284,0.412155258868735,2.67530384929157,0.922594895054176,0.586527878482822,0.0770734862327158,88
0.0508954818071724,0.831304180301403,0.32214847760659,3.11469565171437,9.63473605220344,0.273408449899859,0.927824316272652,2.18264161557592,0.862609467046319,0.582076023785184,0.0670808009198616,90
0.0547845933609166,2.65385372005619,0.965361602766101,0.504159922818214,9.05141119157922,1.43044334827344,1.14105454377663,1.21069978122172,0.533767325543402,0.332179338084166,0.0586099619879863,95
0.0493301206018432,3.53313544194069,0.349971492470037,0.628695709205923,9.29884098772633,0.554895463268829,1.2562981204069,2.44526266371499,0.577711198856328,0.622538597012007,0.0661718445528539,218
0.0585075943973113,3.02065802137604,0.285215530261819,0.529341394780016,9.03041700526683,1.41303395744961,0.763397007786581,2.26368029660265,0.903586444031138,0.476294666814365,0.0688442700877384,219
0.0710689442980952,2.14988488375827,0.212788738049659,0.155951895139704,8.09085694809933,0.0172291620008027,0.36442559085899,2.88737657909511,0.924186005145057,0.684887775061711,0.089635046348803,220
0.0569705575615668,1.93315304873299,0.295132821487235,0.823332508199612,9.82013276746593,-0.285414205622615,0.103086826081386,2.31137447772294,0.928578334218139,0.654495195624691,0.0910302380852583,221
0.0598600896261191,3.26707936360829,0.32232840482548,0.879041185639514,8.63715699058614,-0.453170812734237,-0.0545279332222396,2.33955690957182,0.340623486802036,0.318890553386681,0.0709771875872507,223
0.0507468946860336,2.71567874633419,0.450453166931027,0.590455009501063,9.7273714244015,0.789702368229115,0.310239684691053,2.42575274492792,0.680490762444831,0.646258094972101,0.0780604456491739,225
0.0561016694837083,1.77504033179206,0.326455171936291,2.98663698354048,9.42786821607712,0.789936290551337,1.42398105775292,2.1740147989875,0.801983650452864,0.592388083340896,0.0702241867847377,226
0.0441511530962129,2.70538441403624,0.424642698162797,1.73137272008519,9.67936233171155,0.362014709226682,0.128392575250349,1.88286304694191,0.731847751244478,0.661494879071663,0.0611161495025781,229
0.0657133565899557,3.00043754904452,0.345051934291725,1.25478082843607,10.3568542443123,0.0217389718683602,0.609962597232341,1.07762116808622,0.446394250429768,0.350205223871549,0.0460762127908004,230
0.0552619907483157,2.31323304063019,0.403202130716897,0.790978562728203,9.60727148050832,0.882895981874568,1.08547004485617,2.42481582519875,0.65491309730925,0.625700956758706,0.0661284450047483,232
0.0462103704503667,2.01983996542588,0.32376327932468,0.996753713466703,9.44321301079833,0.351855867228044,0.338382477451583,1.93772391714223,0.629269175382604,0.459131413739781,0.0679377320958783,233
0.0592110124626342,2.97020889537009,0.298883454786828,0.809574619135742,9.64338643469735,-0.639187491109543,0.291504638366158,1.9845746983787,0.667258972032141,0.495586926564474,0.056874500884257,234
0.0618304800217328,2.16532885763451,0.236088525642304,0.275654982501949,10.0209285971468,-0.546204505181992,0.5010695324895,2.15836519381122,0.786796992689843,0.571775586622803,0.0747928825513436,242
0.0539797478193074,1.52165416536709,0.291484015520371,1.16960944855295,9.29476464059508,0.197673908914664,0.812251162579586,2.46705675584505,0.52685542948413,0.508883048558249,0.090844042791934,243
0.0590428137955534,2.38171077140937,0.227464013149604,0.771265298758838,9.06824176205421,0.460794454968885,1.05120624892173,2.67409279614486,0.875727745052534,0.515161731148003,0.0730834149517043,245
0.0532032917964388,1.54487203489969,0.288599537776661,0.332246999415996,10.2108347419867,0.396967391241636,0.647551990819479,1.7370536023539,0.645892885583801,0.556726352978187,0.0663272773659798,247
0.0592485152378165,2.01846766601286,0.316555072157074,0.152467444699076,8.8164189404351,0.0806988732463891,0.243324635341367,2.9230538914951,0.535997666476326,0.727697515761393,0.0991693642286098,248
0.0624505094677451,2.34713276615872,0.26498838393783,0.55218773351248,9.30612535851979,0.595647304461151,0.431355109284393,2.32029028140551,0.532270352315438,0.30997122717026,0.0654643675619904,250
0.0661730642265299,2.49329689434949,0.36139639913756,0.396609342655085,8.74490471481809,0.520309724256461,0.102469822754845,2.40969291274001,0.901501567319687,0.678819448257932,0.0729876548917312,253
0.0554891543990392,1.38942356883622,0.315046693680592,1.03071823282531,8.90909709849396,-0.344318280995252,1.32748226582999,1.81820595388273,0.477074856538167,0.313309004618175,0.0706320748926328,255
0.0605656739263105,2.31061488280859,0.30960864056547,0.382728249961692,9.40316890354326,0.426738032057577,1.15768234340293,1.97272774843164,0.912487173208967,0.595387702682875,0.0698417771928891,257
0.0495046243967217,2.53379242424496,0.315847302433797,1.0244772408338,10.0324073059108,1.28091401351179,-0.630239010034326,1.69263876516395,0.338430627236229,0.575368225295599,0.0572041352904698,258
0.044961707670779,1.20940737417438,0.447190458115023,1.17114758417177,9.00128153725214,1.35936948212787,0.719864105850164,2.5657828104195,0.850062215904422,0.72852319866242,0.0959341003998276,259
0.0494926950543249,0.60477266248797,0.300893077163968,0.722828113852905,10.6428908401789,-0.508890420920081,1.18794257381416,2.64780721549505,0.383765431904164,0.507105936224499,0.0615855962786468,262
0.0638268570110383,1.48025114166763,0.236929353040228,0.287506675099192,8.68200982538545,0.402761249814226,-0.190362278885049,2.16733891412704,0.789002779729119,0.529987683841358,0.0706752154848573,264
0.0551414729990391,2.53365370155287,0.292262580470293,0.395913133565962,9.32508541564926,1.0109105112835,0.390735667810036,1.96970005145011,0.58642945777264,0.516318529659068,0.0565038010383656,266
0.0625969059651222,2.86284083463946,0.282398499539038,0.920495772566178,8.69531645370236,-0.144898260697438,-0.0702595431140563,2.61003403963812,0.947396490687002,0.687750913912739,0.0860095371623523,270
0.0601663843697485,1.46180115965143,0.237864052401543,1.06980168399133,8.10287668040342,1.0146643671494,-0.0249339429995573,2.95865727309406,0.814697678977925,0.594864730430796,0.0760556153592555,272
0.0601941166388045,3.15753100231527,0.288372112697452,0.867955553821792,9.33854553566803,-0.00371762688755172,0.707999452072058,1.9288125168482,0.78618940709641,0.397612741129628,0.0610969408242709,273
0.0691211406090445,2.93372473854605,0.247867708376181,0.445686895898801,9.96254567580803,-0.563691804975622,0.326705726077374,1.49001219970864,0.462745119097088,0.384549506415587,0.052271485372154,274
0.0594173857739289,2.73521487763846,0.450948256375953,0.391002413033785,9.44291780967327,0.690507024831153,0.514932711540917,1.80136849261251,0.570823741085479,0.462633325015098,0.058860671529714,276
0.0548832313197832,3.20472785601463,0.399503179632728,0.669226735269697,9.93167913684155,0.931738675182791,0.468822887157913,1.75585254962818,0.848068527582343,0.61241411720493,0.0600402157159711,277
0.0543207036233224,2.68565171790346,0.24030080380769,0.592178984397822,9.44977629641017,-0.564992067703846,0.0741961355963594,2.6741717187538,0.683863082899655,0.506987286173766,0.0736745861233207,278
0.0481090891210169,0.861589119256726,0.653077834774727,1.5408457122663,9.91951355476538,0.314339038708061,1.21674227351609,0.793456188803751,0.577264233668294,0.361696945175305,0.0652025783880339,280
0.0609633598746457,1.9739084417443,0.283450771333974,0.191250630988905,8.13457010216029,-0.709754490080494,0.0584948808762865,2.71100697791865,0.944172596165581,0.74646688384825,0.0931077842570945,281
0.0489095082000227,2.57462447173201,0.316008088603728,0.434336304930759,8.44090209533618,-0.831887636533785,0.65878278373231,3.22431799101502,0.78307348232342,0.607519292665006,0.0784660495957686,282
0.057715658095961,1.49684193450287,0.331461068866392,0.896486520061965,9.07604773012243,0.439978644950948,-0.107498969570493,2.02447896193996,0.731317660646486,0.388584409598495,0.0676080138479434,283
0.0583766423627015,2.45921097084412,0.226291723948943,0.512769455217205,9.70172249362578,-0.454271708651552,0.680120522404972,2.42447197470505,0.748022564058007,0.348885848958751,0.072629103669391,287
0.0577313347420136,1.27209631690243,0.549839240003587,0.467143158162062,11.3315125237577,-0.339679733415663,1.16004542644988,1.30919285516833,0.705411647818788,0.383710168241792,0.0450578087996942,290
0.0541148991111952,3.41081232783687,0.199907750394508,0.691515280175909,9.65813463516032,1.72982624318173,0.0358757702296867,2.4496216001878,0.912044931221765,0.486234438639794,0.071716355897875,293
0.0611363948305401,2.13385150616585,0.307446326988787,0.425105469476629,6.96773409097982,-0.0199045253589401,0.298986370705904,3.06194909091003,0.694583521688635,0.548247891436079,0.0793623067790143,294
0.0470431291968743,2.36117918765254,0.29915145064287,0.617391793056683,10.2180672425208,1.2789921068395,0.919246682522305,1.66384613672161,0.351376543600485,0.612838364626716,0.062511764840319,296
0.0604561284371936,0.924285942602979,0.233977394065815,3.46943817284663,9.92061245501376,-0.298857016434187,0.781484448437704,2.12286460595892,0.246960096108232,0.314541546925109,0.0797937988425933,298
0.0502665882188812,1.10914799189162,0.357797423575888,0.985263335662454,9.75944044601173,-0.237154123457753,0.685658773368153,2.24967916036089,0.741711779112087,0.695836847452444,0.0694164451189693,299
0.0602515910044751,2.86922688583015,0.24597300831074,0.380255918860008,9.49569249520566,0.204676158645867,1.48147629236889,2.32462001122753,0.75451539359262,0.608314325511662,0.0667016232867415,300
0.059725485014461,2.05408386697543,0.332012018477155,1.35887805285198,8.56797842627865,0.157327196923754,0.25715460591595,2.84552362918618,0.931272530244548,0.716432975945801,0.0855699955823339,301
0.0598151638180282,1.94372229211597,0.261491618314979,0.26209072678654,10.1254636446331,0.558242659690433,-0.264519336736727,1.80287594188644,0.810687299037499,0.646803898526705,0.0611963194642803,303
0.0504462277061677,1.17534325640542,0.403823968307728,2.11348390630011,7.98571914484638,0.490271523281881,0.542297505731588,2.02826977986724,0.303726092008884,0.392562689664761,0.0616192764958727,305
0.0664308782901653,1.82801890412519,0.213282966423605,0.753188782704156,8.23326790879032,0.525284717586609,0.959052171286848,3.03019073757387,0.920598487174371,0.590399995623451,0.0885714305176301,307
0.0676864575443506,2.13068095843058,0.242849990191418,0.700093790519082,8.22014617308409,0.523657871013875,-0.0528704495707735,2.747711896184,0.872377020732844,0.77676450663242,0.0906563160811517,309
0.0479821332075303,1.0538113581385,0.523394072383284,0.296591568520791,9.08995540215025,0.0181206055568414,-0.540968835725045,1.96196124632165,0.703855218862738,0.634019786084306,0.0755134473568371,311
0.0606672686211654,1.24898753602553,0.254590250546264,0.38353326044752,10.0834302676975,0.533065628537358,-0.244789221125345,2.23199292691871,0.342901458608515,0.585751002513509,0.080069482043945,313
0.0514803842081077,1.81454391624055,0.231791596216165,1.25670363890594,8.91182530356544,0.711443235546976,0.506118359733648,2.96769615197967,0.832854265706641,0.721521176879119,0.119810410331519,314
0.0521368061009009,2.14154597044603,0.310995414200787,0.650917722309835,8.80706147443356,-0.440764766844832,0.241629182120882,3.10887314490579,0.425889233012401,0.36997243599175,0.0913800863749015,315
0.0615144551231094,2.56140196259568,0.26997047924272,1.32692059846316,9.22449494455449,0.812978668735322,0.854263857416407,2.09779631160276,0.71734888627238,0.478723145133258,0.0604982037550205,316
0.0611870045555477,2.13882572426261,0.211205420126667,0.855999044468566,10.7636714641213,-1.29389142891714,-0.132576911301295,1.1983547473728,0.822293203683845,0.721270803452806,0.0558495706370771,317
0.047751056257771,1.21318400549633,0.601900398116909,2.78847807691033,10.2268527557774,0.326420608469513,-0.142814176271382,1.20713233470853,0.627206415818454,0.476696432016694,0.0524635506002224,318
0.0574783676177393,2.07615921063467,0.39552781203532,0.97123727755561,8.8036113724553,1.07012510812751,0.40330956130856,3.00347591031334,0.920634091459273,0.6604156669865,0.0843980403598614,319
0.0602692618514875,2.53077064210691,0.298452974382401,1.69101281800393,9.62254419109932,0.213142181891667,0.61752959626504,1.62490924831986,0.798122137135322,0.370174911359108,0.056108807634219,321
0.0470402824797219,1.59020825705756,0.485958191655678,0.428767775611676,9.10177499328852,0.757642620396114,1.11581471567228,2.30665046925231,0.579572071869821,0.623639082852275,0.0836385028552371,323
0.0398564982306287,1.20202018158474,0.425396393228216,0.728024756829142,10.2656012945321,0.668673573195075,0.681702564538527,1.70687175712688,0.682403488896759,0.56558652579916,0.0809410436908944,334
0.0604620121988713,2.26500541537192,0.233711950778142,0.305689243965617,8.98338214773426,-1.02864570702285,1.16269160521999,2.70510217094051,0.876601063341395,0.660435748659269,0.0833138616630647,335
0.0517984728128501,2.57628861302134,0.361470356743029,1.23706972199151,9.50100659122813,0.0499888918529222,1.50730252856219,2.40146064866146,0.654512789108582,0.527574032943949,0.0640586440691675,336
0.0506655142283563,3.11316205217677,0.432330879144879,1.3655431605677,8.36989269186254,0.990929076363297,0.802379112499376,2.18768783257471,0.507287471527672,0.483785779027061,0.0547997909938744,338
0.0531495367013578,1.16498256298663,0.30606128728126,0.414493180995386,8.49791665652508,1.23075870148717,0.894276914487181,2.77489037589325,0.749694970218663,0.651607404852943,0.08874557218751,340
0.0517375795472642,2.39928703701395,0.496866119644924,1.01716796839334,9.49804243800957,0.28004574308436,0.877361281762923,2.08618683556984,0.828106474084171,0.643693347240653,0.0713107953252057,341
0.0441922696394126,2.29579070390876,0.39659375400749,0.496843974643113,9.14715587928515,0.260239178359036,0.530255363016863,3.47713492684428,0.458569545824805,0.649365876516211,0.0938267775220022,342
0.0496560171236597,1.92107518968128,0.2768167140015,0.93196288170299,10.1131546237886,0.664883378779767,1.40230811807635,2.52287734004945,0.676032413545304,0.582628003361073,0.090824079945659,343
0.0647306062873326,1.71327877293211,0.292140249738944,0.866774217833902,9.5669395028477,-0.091127635547285,-0.144431923638018,1.7155240590056,0.53328175840499,0.561142913669487,0.0616302915344618,344
0.0554479997883025,2.85433081622521,0.306039716297767,1.07924727943254,9.04859641123237,0.169458529653175,0.921635609063401,2.72098836462344,0.526964139976953,0.478978537269662,0.0661037114812216,345
0.0665976789855186,2.20352720696174,0.269746770784925,0.0973876883312528,8.47137527629237,-0.220822601242604,0.976781610180203,2.78004462665752,0.938653980357949,0.65579108934684,0.100150023795669,346
0.0460227215323907,0.657343568997558,0.649521242706771,1.8915564999575,9.09053579230816,-0.390364117299906,0.678193555770136,1.60587594287674,0.783812876273584,0.521098278705145,0.0603919762104115,347
0.0515002294487575,2.15796796213711,0.430462980859624,0.392433595958577,8.84555693138243,0.706179462285193,1.23109302492853,2.54430088230091,0.527381346101558,0.549324690174148,0.0681543882136097,349
0.0642818479919915,1.94721584682899,0.207874443720759,1.41069244196378,9.18470781204148,-0.406366000543826,0.0620972876060725,2.23008522021637,0.907008531582998,0.349772994914962,0.0753582303044481,350
0.0613696488689209,2.77837970948522,0.27626519060313,0.431388090521465,9.40962665359692,-0.256721133083401,0.129467311163935,2.24892427787148,0.599435562557183,0.463383047741702,0.0624370220849511,352
0.0490126029321263,2.55496951200779,0.311561174726881,1.3474884338419,9.54422794536816,0.467716320084701,0.408766397830664,2.34202315701169,0.864146598865636,0.684465228373102,0.0717127019052872,354
0.0565898435821493,2.29792768839164,0.547821378076065,0.500145800096657,8.0647863080129,-0.437342421524685,0.915154586646227,2.91252845683767,0.814904149220401,0.503493137067612,0.0796150859693809,357
0.0575882229228323,2.4935567400225,0.305635042470242,0.898828506152407,8.4726983442254,-0.110347300160132,-0.188514916630708,2.45862951987202,0.726429988990837,0.279608064405079,0.0811322814731507,358
0.0616896133519985,2.08267839752137,0.355355575843245,0.59211823152074,8.94611136190518,0.27402804251063,0.702512783628459,2.55699717564854,0.926079683315477,0.593222813833399,0.0757523204208048,361
0.0515528855242683,1.57754436035545,0.377487654535636,0.626385011299081,9.03524861181901,0.409787072360446,0.92563578211645,2.42101464954602,0.613080926036592,0.564738917959238,0.0847787915601416,362
0.0499536773385314,2.24866222916674,0.320027919385522,0.918589273765847,8.63324946091978,0.575937305388494,0.665227174285591,2.70205856868779,0.655637051422099,0.55036342086522,0.0755152133364353,363
0.0573394869041014,2.5671050101062,0.293717102833125,1.19445049500452,9.31259673409769,0.275041587480855,1.1526378852048,2.37447986246698,0.447584945842255,0.409965242668484,0.0626793509146281,365
0.0623812758493819,1.99607691829627,0.32170108169446,0.373608240189725,9.92466951474289,-0.120607222120646,0.361207503217254,1.66653236864305,0.602682215966864,0.632250193790139,0.0571388056786398,367
0.0684936496352844,2.44147002834788,0.326094081842147,0.77823206032744,8.59875148227075,0.576550280887099,0.40879540910967,2.360942469836,0.910458851829068,0.60155086462707,0.0800652472827428,370
0.0666889901792768,2.12828696580002,0.255523850974437,1.5190382291389,9.55909809131629,-0.433071622575489,-0.117379479965174,1.74519511515114,0.809506174283196,0.346242332889694,0.0594872446167391,372
0.0597515848898466,3.01408353810367,0.331672519753428,0.631558705481705,9.33255759994934,0.0866075747892068,0.366586829065852,2.08219706117109,0.444139941075919,0.410092162486796,0.0550487562855386,373
0.0495129208669132,2.52760737656888,0.417857212324287,1.17183951835465,9.70136666314025,-0.474039563364904,0.912845853886722,2.04229563865645,0.68354703257369,0.399958657962399,0.0619518259010229,374
0.0580533710317644,2.14424152624525,0.356559227188271,0.981042837616068,8.5608128206261,0.918693918274729,0.756284515157701,2.65619307672843,0.887631893249949,0.695210585716475,0.0791027498293611,375
0.0558455773909801,2.44411658021196,0.378289703525105,0.987607523874825,8.45413240700124,0.2710370374898,-0.323754820045588,2.76592605600883,0.666801052675237,0.419771594690562,0.0725025659065397,376
0.0559761616937482,2.06786835222042,0.258548367555504,0.48431837908136,9.22316829338656,-0.178810543229887,1.34449019387569,2.85209676836513,0.946215100483321,0.619341632173818,0.108695695652389,380
0.072782972565971,1.80591406868233,0.304043698455401,0.540556745573467,9.96955679053078,0.0805692554218728,0.447648002355268,1.10945005828873,0.551470813753907,0.269609661841839,0.0439777124133272,382
0.047629522774775,1.24830220296069,0.302355091266282,2.71421582260512,9.4891390755035,1.16209479273953,0.0434111649650535,1.70017855266293,0.58795805600561,0.390926407749137,0.0550654765136754,386
0.0538758159337437,2.95722540818401,0.343177652210757,0.705841722787726,10.4376275764567,0.0532198205858056,0.235792801938934,2.02914065193739,0.447792129170511,0.49177895872831,0.0609346407142283,387
0.0645015252774042,2.45822184640872,0.315442981649865,0.912309118582345,8.88547508376538,-0.186411437204685,-0.170470847714661,2.12414575600011,0.437033871757279,0.277657030896557,0.0612240746815111,390
0.0528453468478679,0.5851019435186,0.316895342623845,1.97730649675976,8.74551715461034,0.459099520202984,0.374228316576512,2.12312346549266,0.388739042397094,0.483040628142322,0.0494738105231663,391
0.0566405587856966,2.91053854343046,0.286662103392508,0.880155466097826,9.27537940883114,-1.03209371405789,-0.174438637028173,2.3460384435948,0.595771358817047,0.292339170055635,0.0626743928062853,397
0.0563749533059593,2.75612069835017,0.348975901557395,1.17015314802969,9.86233076806824,0.120682036010612,0.12752394777678,1.66661593776342,0.529980679881188,0.450886919933354,0.0588900242882548,398
0.0537973001869114,2.18001867308475,0.273332316422512,1.88347526802428,8.18198436823726,0.707160784751654,0.786217653717438,2.85778178735362,0.551298292634964,0.58130964451641,0.0867069773042212,399
0.0520760200293054,2.11239480341,0.316669231594145,0.484619061707213,8.87276532464967,-0.108528769049865,-0.288728829754672,2.22855392158791,0.558618160682839,0.677788625283594,0.074742894800201,401
0.0548140936210288,1.98061853755094,0.301053888258006,1.167047356624,9.76925639385755,1.25374104802669,0.222319093835745,2.09624172008476,0.634265629130714,0.365367829102822,0.0714204422777591,402
0.0608143196239464,2.11704722602516,0.285286128499721,0.754161968892345,8.86204644372279,0.0813582106384221,-0.170904886339852,2.25958914755138,0.851101604930423,0.639402567219875,0.0760724656844017,403
0.0618248105089516,2.11829851923616,0.245091964033923,0.753136589217144,8.44655993959628,0.432533675829265,-0.22804634451081,2.32674009685996,0.84335065879322,0.732119736128636,0.0736432213445732,404
0.0499152596931161,1.56401618653813,0.368320671972376,1.9438659991159,11.3950454602836,0.762405518797128,0.197963214005975,1.12433203778289,0.399067790420047,0.414776066410293,0.050028317582469,405
0.0622017231216796,1.39067325234647,0.248143688661289,0.711654063034391,9.25421086566456,-0.226533944755364,1.06721114595717,2.36908634313753,0.85729898177064,0.674334709364068,0.0931282153511614,406
0.0570991325269705,1.87924710939178,0.288343853743651,1.11635981879554,8.38419522541504,0.105377900161385,0.531271346086076,2.40723547000387,0.624405628071129,0.515959820351059,0.0864264496497954,407
0.0595029603566288,1.64622579006224,0.348306609136636,0.435732585498031,8.53559340655075,-0.142091995925798,0.346469301211749,2.62743550246288,0.536396970810944,0.406668198720489,0.0754995439098536,408
0.0478309487690101,1.92534832620026,0.313784006982032,0.821360918832458,8.26995578334697,-0.17812624594855,0.133292773151623,3.69125953555826,0.525174538835022,0.568218944062979,0.0920177975465755,412
0.0554408072540868,2.38959615649392,0.385219718533942,0.794479729190847,8.7788755255161,0.449783951726184,0.168707697063681,2.3891935771929,0.463253246691909,0.640272072001841,0.0703069263985718,414
0.0498326193720634,1.56606538823156,0.491452911397408,1.69051177067589,9.56173627062611,1.69684125982135,1.34695762931342,1.58818171853206,0.658619714276204,0.615971640185199,0.0617366630286447,418
0.0538745456202563,2.25428497522486,0.298839352067099,1.1311907501315,9.79543882954046,0.536024567505616,0.762742084007911,2.27719096535878,0.814402351696888,0.647265061690971,0.0754442087434436,421
0.0534516186305655,2.70278733302985,0.314103434671911,1.02809713965097,10.5346129802415,-0.00283751496821061,-0.243373511896456,2.0939665472422,0.417905914170091,0.652344773093768,0.0726255903318059,424
0.0648077365140062,2.01767064186979,0.236887741158328,0.660212510027242,9.04521280688599,-0.0346792089130522,0.204519001751863,2.02987040971251,0.761195273684326,0.413853510327695,0.0642517153227743,431
0.0632080757765027,2.04759789318261,0.372812522430984,0.532187280965068,8.08282948390258,0.34037400599177,0.0437904056326666,2.37118951796617,0.584813060314208,0.383469867666139,0.0597888795335517,432
0.0713474146283062,2.73776492185147,0.2725758346432,1.01410986948226,10.3058594585912,-0.719748629054702,-0.0431887051648151,1.49650028622405,0.884953665590374,0.275858077201235,0.0487441166982103,434
0.0503074664899074,1.59053213162702,0.243552150979316,0.33710374748759,10.431724914392,0.173820981288443,1.48773179757808,2.43144416890918,0.417511665734878,0.455456077620153,0.0730168389780274,435
0.0581312085217673,2.22935943240126,0.367192422454726,0.668961655866458,9.02418050088689,-0.104938526225755,-0.149234967799021,2.08421117089903,0.8325100442082,0.397500509859904,0.0689621820882725,442
0.0463512635550201,1.44066844487008,0.513498665813135,1.06719937689536,10.6757429193454,-1.05556179164229,-0.246087540641048,1.41302326403692,0.843095006343115,0.600181267739091,0.0621968304139619,445
0.0454358933208836,2.57811039838298,0.284169071467801,0.952431950305915,9.0647294382961,-1.2336383666495,0.139851862182118,2.35113299264123,0.752388239797427,0.730817319828721,0.0757080277004499,452
0.0565678321918332,2.3221051611265,0.353605241693687,0.461650179742301,9.82186634189854,1.01576297974658,1.15037131574416,1.62917847771941,0.861434485407007,0.411562065115449,0.0568803170425577,457
0.0430711612241383,0.470844603306175,0.504120532778854,0.211913556940671,8.59052001052164,-0.255165445688889,-0.328367720357277,1.31238361907794,0.793442130164619,0.463067848826834,0.0517660822469385,458
0.0632987850261371,1.31922809970389,0.27048018278237,0.267953398488517,9.0809367557191,-0.463748366212417,0.346428692404235,2.44199376979003,0.879694050371741,0.553031960741739,0.0839175834623696,459
0.0647712575596418,1.96395102956562,0.355761660536284,0.817531507714534,9.14645516333323,0.169887747456606,-0.0260995213918471,1.97974933202162,0.899119662123629,0.574617044044317,0.060878885293367,460
0.0526520858661779,2.08300020554854,0.340279103834304,0.446358528740329,8.84670875661699,-0.59069916768757,0.777247736449638,2.75330989059749,0.557522795993416,0.324385588890556,0.0872576066962497,461
0.0529103067384179,2.16743617516956,0.340913670294121,0.61077838045811,10.1975585235042,0.0161239687097388,1.26592244426255,1.64548134384364,0.466887483021722,0.354143239840377,0.0617787250993328,462
0.0633680133568997,2.28527175010468,0.216462771593376,0.408287387860517,9.22986647865971,-0.169331457992956,1.16243025437004,2.77756839887579,0.935395154737913,0.590408335198375,0.0900694534698974,463
0.0609425209075751,2.52958663988995,0.241753481232344,0.32493537816367,10.2764573976818,0.187123095370546,0.952997408829125,2.02453700024336,0.860922942298681,0.547386390643525,0.0684394178433103,466
0.0612156095047836,2.544631641972,0.282439468864709,0.310990229137731,8.87086503010812,-0.478739292928604,-0.229101969422202,2.59566983588322,0.708827780404821,0.62794742589383,0.0753173411672312,467
0.0687855725446465,2.48655226827226,0.22550131748582,0.161045482217346,8.78420287924318,0.33525334895406,0.200616273991013,2.56569670947862,0.891586348973993,0.67528976809676,0.106079239690014,469
0.054801843098636,2.47175922628136,0.384464038422658,0.753299380227026,9.45580725119219,0.00782048932952229,-0.258043830588579,1.78365780267392,0.697051234055545,0.347290551222902,0.0732572238195495,473
0.0463190549081721,1.97756198208595,0.445900980521547,1.84804487495664,8.47930715652859,1.11571160361321,0.852681421185222,2.78160952785482,0.777553999742025,0.647009643664788,0.0684249443026974,476
0.046998868482466,2.14759556145499,0.34791791383413,1.32997024317103,9.58489832627468,0.60975019479651,1.10614590363387,3.01136001889019,0.644702071328631,0.678832149056513,0.0934116248038453,479
0.0527719647374434,1.36768423598774,0.406864919363996,2.09321979515216,9.26792378902602,0.97940259698735,1.25386285900409,2.18334132489467,0.597213396432307,0.6855561271058,0.0669808043845142,481
0.0708740837222024,2.51819877481449,0.212115199485363,0.200467371892212,9.8652429528179,0.564651328253432,0.927670709790756,2.29300774297764,0.899845924595919,0.575091643197759,0.0794533774848878,482
0.0678537772776677,3.5176381737545,0.354431281078492,1.139308706866,10.0111465048832,0.666327070968666,0.295855350597208,1.07061620582789,0.394238077245514,0.459439720296332,0.0438480546764129,484
0.0515942111362195,1.93999177648845,0.319400252506842,1.11255117732894,8.98632234130399,-0.0888022197425414,0.638033040136805,2.35367428538502,0.764503453319662,0.692675837929303,0.0799653005022844,485
0.0442445557747939,1.04906314597052,0.392610606105534,2.72356769900746,8.39664840413711,0.0208118962442655,1.84871294801814,2.19080136165983,0.728461843738684,0.390191349219212,0.0673364839287735,486
0.0592691974243771,2.04232929509893,0.320647889029868,1.02985625933726,9.86286449855035,0.937461550977702,-0.00739744050671506,1.96997976848767,0.34163401919944,0.360295108145088,0.0602809168643906,487
0.0646532524850132,2.72626827271147,0.389217354238602,1.22325947201167,10.2461029591665,0.798431942767798,0.0840183561563171,1.32420834591617,0.887842539155498,0.497323528244835,0.0495680164845181,488
0.0620336107722027,2.24147433026632,0.334996468861629,1.20496111795589,10.413550815197,-0.666739080431539,0.428142052232494,1.03682122935162,0.397448210755504,0.438997649995205,0.0444235518833047,489
0.0523468759768406,2.21880813947617,0.254281969654224,0.688395413104868,8.90708509112584,-0.245199888677025,-0.298420504027204,2.82009424250022,0.797761905479024,0.541314114906765,0.0902512139533855,490
0.0578707088056736,2.13190615658416,0.257239940852507,0.330754710481364,9.92251067227449,0.266468275637764,1.30817479953022,1.9238422056603,0.917570211869243,0.620666851031681,0.0686219857973319,493
0.0455659916389903,1.7046801892084,0.245177528270023,1.96808796501145,9.46019236678337,0.77700737961347,0.0764392009445017,1.15426264095931,0.569866401529272,0.510330636697276,0.055416224227994,494
0.0481402436073853,1.36368805171393,0.438048814448582,0.489153493019907,10.6439038135577,0.233357190822422,0.361901663885734,1.09928192425815,0.673268901809283,0.267586293545626,0.0522165404216862,495
0.0551452482507547,2.17218458147343,0.32704720064803,0.736527871171928,9.75383906027133,-0.159229130488687,0.572386772007483,2.32861426561901,0.37912982736298,0.42240793095203,0.0623887884886311,496
0.0557508269486644,1.66725721940005,0.344598823215304,1.14178368094851,8.88894355937652,0.0639180928650689,0.241904107973854,2.22877122113319,0.671510261116363,0.37947046452282,0.0680132221654708,503
0.048433140119209,1.70674005794307,0.367430533558634,0.944110949309663,8.70590439713967,0.96270862322488,0.22566940997552,3.39344678643405,0.899759662471629,0.597291550607252,0.110608115795196,504
0.0620522453971403,2.34904251201102,0.308485157482887,0.530351425064915,8.34700939378861,-0.353366716211107,0.969021505436999,2.59766052844318,0.574294133687961,0.496390530844618,0.0560136099559444,506
0.054305334667176,2.87395795337704,0.368197009026263,1.01488851817197,9.26406209438495,0.0128097218873262,0.360331253026457,2.14693703701556,0.692857316744583,0.532512579219043,0.0656178808535593,508
0.0686065016414822,2.46471575668594,0.283138999150773,0.88030163511106,10.0309907900685,0.998488573401072,-0.0211382010735082,1.36154930746554,0.565477827049607,0.285732652834873,0.0470196759452507,509
0.0618283764168886,2.06088619276123,0.238701634296807,0.449596424641604,8.53713402537657,0.205150878689502,0.69223151378118,2.36264647220472,0.716463145059712,0.653326081087844,0.0747042174455086,510
0.0651562922510627,2.88518675437082,0.28010595145778,0.738523522417636,9.59879867051091,-0.218546357866752,0.446808310109656,1.68926270020316,0.587635243990026,0.435673033929196,0.0534315232498381,511
0.0558108811048155,2.17255327235919,0.276443532875573,1.61073570609963,9.26013704264443,0.084345014217863,-0.31358576106202,2.42602417275921,0.276857257221152,0.539129347389956,0.0757184365868376,513
0.0551452993127248,2.16748824006691,0.290348207454762,0.545826194581357,8.82848643974291,-0.232183907615852,-0.0321129673906465,2.82881556387184,0.581389942532034,0.369341540038532,0.0751298484096262,514
0.0512780807753831,2.68314959232331,0.312423215337779,0.349405102788035,9.49684096657227,-0.243799144578522,0.854116049885624,3.00103483088283,0.48731025022084,0.7099000733981,0.0943096245472429,516
0.0581320330047614,2.6106784980987,0.277837763538523,0.162367384760272,8.66015942531167,0.25735355783048,0.528588602796439,3.2727284927892,0.508599083509013,0.748253806929875,0.0908988941227564,517
0.0551526128901615,1.55413370044086,0.31069999108118,0.969995365604641,9.67844427782407,-0.670508046148197,-0.281935668035784,1.4260917151033,0.923046430988867,0.611381956163903,0.057688001540044,524
0.0471264012175232,1.86756650506159,0.451417699003306,1.18873417311777,9.01474121710687,1.11531861675461,0.528190919537529,2.4332436694949,0.880607033760532,0.64583088831739,0.0709868234519151,525
0.0593644568481459,2.2747307331605,0.305850501643708,0.299502927268636,9.37168299877833,0.00934223586995759,0.723713570125903,2.19476275748668,0.468696468793388,0.567807162998623,0.0695052732876965,526
0.0584660100061008,2.71542003515366,0.351473602135416,0.773116604437561,9.57613861703793,0.202880103917357,1.14437245177836,2.31861277642906,0.935127687589971,0.534892041389496,0.0809162414812777,527
0.0474382777079551,1.21947827362717,0.313024355958683,0.363646933070099,9.93723555849134,0.319271425613888,0.317477275492695,1.52191300878102,0.541853918948488,0.426930298096396,0.0652490755811983,542
0.052346395373452,1.33246591279197,0.368848258622777,1.03147302432966,9.29257053083431,0.164358860886102,0.354105133790426,1.7301724702936,0.8748612375879,0.47063595219065,0.058333073095681,544
0.0643124071108029,1.93811479376334,0.304175408241202,0.245770800391274,9.00708245362016,-0.62439669431711,-0.595738342631638,1.97324264216562,0.528819052110225,0.74213149577544,0.0548453681024836,549
0.0470429606082029,1.50501778884362,0.680803845607727,1.07104180415474,9.25391176515566,1.38888964436114,1.11856935626277,2.32263614231946,0.847320998295782,0.663191076583562,0.0704627925025602,550
0.0566848133888124,1.76414813090731,0.283899667538198,0.671337110381836,9.31104763628564,0.116847770716524,0.483668730710724,2.50360220218914,0.394769827292356,0.413065423676742,0.0728709619576152,551
0.057317893351279,3.18627526826579,0.508981729410899,1.14121020536123,9.13270466589877,0.654728764819706,0.597842217740153,2.78910996033056,0.941600210645762,0.626965851099272,0.0970556328053594,552
0.0626780362204019,2.32631772269421,0.215081710944148,0.925872255546344,8.11044688194712,-0.652315603575401,-0.101814157443035,2.77441225695156,0.831956548380561,0.288747392460233,0.0759465751066312,553
0.0624406412817356,2.2735455256698,0.281808668526923,0.245576450508502,8.94178385932374,0.84246134327784,0.815609310490865,1.88975790075338,0.469796264136085,0.480517393947093,0.0667809927511377,556
0.0567859945616809,1.89389908929022,0.301351741552708,0.637106055822706,9.05532417824881,0.244602281348955,0.1156383691654,2.29619226586908,0.564646202975347,0.395609455084964,0.0891224549903623,560
0.0567463834280352,1.95207397075278,0.326824615409559,1.6676920726623,8.36590713924893,-0.251235405650139,-0.24294998290563,2.40809095656285,0.584178818157285,0.442045654523988,0.071773945945425,562
0.0539516395575801,2.62230265023694,0.401187308682676,0.836792429694493,8.60734373604548,1.39061637879576,0.812231150247058,2.19063142637458,0.902778126007738,0.569881287938965,0.0727763438868308,565
0.0572409116206767,2.14998555843961,0.214533459122989,0.519697091836589,9.59332966462406,0.692535850243985,0.315529507691001,2.6837152459646,0.916066070535993,0.666137447985695,0.0848109519621099,569
0.0584226503687333,2.32561386625547,0.289197435594709,0.946121939253866,8.54710234329972,-0.542090006330955,-0.288336955204367,2.28038102656979,0.476177952428246,0.532035134348724,0.0614039971651003,570
0.0525121186017881,2.33271743691034,0.307503336591657,0.574589703013299,9.10371080812144,-1.14012690307032,0.314838931372844,2.14206550690056,0.6921216885053,0.562014056934753,0.0616656393062032,572
0.05299679183499,2.35168687308113,0.233263918530237,1.14094656304611,9.52031806972131,-0.262071380480089,1.34342462754703,2.72726649128337,0.875672202966803,0.652425547009813,0.0903099489128012,574
0.0616653505669379,1.18887709181124,0.292434565107007,1.59634713391893,9.82920524400621,-0.402016140924314,0.439095546102897,1.67621168962483,0.807854831281655,0.584048112883742,0.0593518919749679,578
0.0525418644673432,1.87983767547905,0.2837215763195,1.14012682392137,9.96605422939956,-0.975187725635665,0.371960981050779,1.82789233315561,0.606750904911935,0.290793984759579,0.0637814278744775,607
0.0543432129575469,1.38679566111321,0.272683024985624,1.94006955139004,9.97091479137956,0.774343994751413,0.406717335553096,1.82763429622148,0.406719969526031,0.524692580150808,0.0700309878154651,608
0.0577595711328286,2.0999273705015,0.235358811548975,0.89569150716189,8.85416378276395,0.221991936540518,0.460369168189947,3.3406446770976,0.810275652924586,0.68057472409223,0.104181238466547,611
0.0534914581039797,2.72283600061129,0.625425885688434,0.909300909949075,9.67821207714053,-0.176239888228303,0.812769168320278,1.94445766780044,0.849725195560968,0.546586757989426,0.0615927513636656,616
0.0534392225181204,1.76215368585903,0.229021726083367,0.670949264710041,9.78013905208221,1.16960076159858,1.47815141857811,2.42238733688584,0.756214882026027,0.461642269448715,0.0837345350761573,617
0.056392506653669,2.33911537496631,0.281879169675263,1.12805103282649,8.92361446491231,-0.253446882199635,0.202010515414532,2.65154580962297,0.832503154685961,0.349372972498637,0.0854707144740353,619
0.0524720374055698,2.05738051482505,0.405875169017012,2.37452918319783,10.1938185647789,0.0473177179517111,1.00896081053354,1.59656914741739,0.702716839215583,0.360553128730354,0.0626930127772513,620
0.0596448264214727,3.10477913365227,0.412367893569375,0.938905158918899,7.94825667012463,0.0908212609823384,0.718535041063904,2.67623581396212,0.64842754872658,0.555329691209617,0.0616094260907711,621
0.0550441245456878,2.71744217778758,0.416974778694986,0.422983885588419,9.72061236543237,0.290154051264026,1.42278261560286,2.31012451758779,0.68244777736277,0.334601876560614,0.0611106500276513,623
0.0583285357030114,2.39244499272229,0.331044334068508,0.483008546673091,8.64816541390308,0.42707138191954,-0.0300229737635806,2.49823646267117,0.659932290381252,0.721007172793094,0.0874997766096204,626
0.0529487269212692,2.2175907051703,0.274899471545067,0.272932237593744,10.1478557152758,-1.24287902450658,-0.085629751752285,2.07789951633852,0.743395743451076,0.472939793179574,0.0647267646964978,628
0.067173855388032,2.68455261888234,0.304031895053732,0.419254856345265,9.43867094929892,0.0213857335730459,0.537302043305598,1.92345331628276,0.545592447916979,0.410413294777238,0.0534607855037924,629
0.0551042859160392,1.9115214098859,0.301224362347565,0.587574847152984,9.42859860732467,-0.32115984647734,0.164832128481614,2.03938177854123,0.717002948152204,0.424042387152367,0.0704246977641596,630
0.0517484639828542,2.79255618665913,0.508459487981333,0.402493181797661,8.92714990528174,0.414655781802056,0.858179403905535,2.21522819024784,0.550419181026104,0.408461832642611,0.0558275054521647,632
0.0614984197243692,2.01571186056824,0.312291753380432,0.943813219731759,8.14067988233655,-0.62777861682576,0.545770837537681,2.39026374642456,0.481190094809126,0.39104629071084,0.0659960968893886,633
0.060431702449981,2.13624052429045,0.630368994595937,0.194194514813321,9.81418376708304,0.882133425465443,0.0298043847836214,1.55522690354835,0.816241987766874,0.795935795046331,0.0519851763830509,634
0.059860762350475,0.906250583817742,0.277054028525954,1.19069040830472,10.7732001823719,-0.659722909081074,0.242013968451294,1.48670299022656,0.398412571803084,0.473114202236033,0.0621208029896812,637
0.0494409792681389,2.14411321153891,0.317396166911595,0.568209321799442,9.80423116650548,-0.446641359584286,0.277603471187802,2.95703355342382,0.416893449999125,0.393106170869377,0.0816924580742325,639
0.0609441016135072,2.70106911580452,0.35313247515693,0.414632554957497,9.51579994048366,-0.67171082852971,0.161369988184889,1.76762301413984,0.456507807867083,0.381160297065911,0.0606216024630067,641
0.0524726766338402,2.0421053608533,0.289863283436281,0.434081033000838,9.4469982808694,-0.384084613026007,0.908922987319782,2.2842515568528,0.594911934283961,0.586923079194721,0.0814621102188985,642
0.0586440290134069,1.19520087716801,0.321279716922837,0.970122708935027,9.61302047756751,-0.606606684632807,0.00249186375014723,2.1508815609175,0.314260628672601,0.283237646784183,0.0762151621942876,645
0.0521942497924908,2.42540657410318,0.36461248513875,2.44486676296446,10.0202740485751,0.596271547877279,0.229527826079655,1.38693155152425,0.43613227985078,0.558905672869434,0.0527989363478054,646
0.0601087004088793,1.69554881703901,0.291529224894698,0.268330182792733,9.47414170692836,0.0161965895510457,0.792455387100989,2.61783937614579,0.475531771298464,0.511222918083349,0.0759114183007496,647
0.0595289276339979,2.08790241909945,0.195941667131402,0.420964689336836,7.88094600365016,1.16776075278831,-0.224473060082304,3.41714253890761,0.931272389991033,0.772727847008919,0.0734998574128529,648
0.0711977035102554,2.02579994497723,0.196993205687598,0.168129957942832,9.48290552973912,-0.369014755669654,0.717360024539055,2.09774546672735,0.911759234771407,0.566240876555495,0.0782105967354132,649
0.0519663956733669,2.12556986675102,0.386052582831938,0.471515823281397,9.11982690650392,1.4429108040299,1.0898160318981,2.10481459265319,0.469929803581981,0.623916145806493,0.0678297311307848,652
0.0565447645698929,0.794168281827599,0.340601105245744,1.56054520196138,10.1629682420566,-0.0802920879865237,0.84735024520991,2.07959947501527,0.812475424577431,0.447283319785771,0.0637116019431692,653
0.0612491145567674,2.69466440360568,0.339920460689,0.229570864402333,9.12730128847867,0.17500242045327,0.63662579162297,2.1530727408945,0.623227150232041,0.554110135122071,0.0671876875674197,658
0.0490498902039912,2.07322576934196,0.291349312599164,2.16694031093267,10.3146550089921,0.0858894011218589,0.605262976128883,1.32743455114244,0.757758845308434,0.506406522077242,0.0568359306213977,659
0.047260453199975,1.21116021582312,0.343378473097353,1.27440146123157,9.88415437401323,1.2323827097644,1.38345542245273,2.75525253599659,0.51704013207142,0.709927924410334,0.0797840361927879,660
0.0545529050727288,2.46085049427211,0.35595475274516,2.13877378035316,10.0559865680926,-0.298936235270862,0.262872198354699,1.30075085399264,0.567153137538738,0.439128629757361,0.0505566319280736,662
0.056588547875146,2.10427732584415,0.323319074837364,0.526081562381484,8.79420499379739,0.341207333003713,1.09214446160198,2.85236986130444,0.483415981971404,0.58309596937906,0.0737540688289404,663
0.0558101366028307,2.06632838900741,0.26412464710877,1.36956233305077,9.26375461998815,0.951436429788607,0.631431153084319,3.20779941736171,0.923773582137157,0.623093093185784,0.0858879999621339,14000
0.0558514437350658,1.79045706288768,0.210510854677672,0.896103339323832,8.68388814159269,-0.554509911826562,0.820002392144716,2.77812799760156,0.951544710212501,0.629950367279333,0.0878581984978999,22000
0.0566291019079116,2.06685466568032,0.354846956624889,0.575581067326233,8.76148316494631,1.19275035662038,0.290490588533038,2.46779422835263,0.585537071693138,0.493785579643432,0.0731348227639564,23000
0.0556287802131138,1.95717230473406,0.421305864550962,0.327174770633749,7.86551551009341,-1.27554536880576,-0.0915851461298496,2.91143788443866,0.45634427556005,0.702471934814558,0.063779329377874,24000
0.0565715820003522,0.943021698597289,0.239200329938695,0.298966015778006,11.2430766311381,-1.00439880490193,-0.266667315461306,1.83465883065861,0.513889905235296,0.627964923055081,0.0490678617672526,26000
0.0660774752855569,2.99194179879203,0.366071553654805,0.29739504959098,9.95360477546755,0.217281066119083,-0.225562994502533,1.17254322433199,0.520038126290951,0.543498662604588,0.0445474030460312,28000
0.0553292339641711,3.00035881123745,0.410027176054386,0.815619800771413,9.51097319305559,2.20987586789693,0.0786330085253426,1.80385260684357,0.85644428727788,0.379004461967737,0.0598151612558078,29000
0.0476568615590702,3.41938133285909,0.278411820259781,1.14696211013492,9.84191176378007,-0.0741757449608341,0.959328163731701,2.84172880252977,0.630614387883106,0.503133269375175,0.0686369753039823,34000
0.0561342353281758,1.83232938115616,0.309431858338884,0.716814970729585,9.64399405498414,-0.0254870263806445,-0.178594015938146,2.18989331749641,0.464425210986746,0.420255358615116,0.0675228508881781,35000
0.0536760720598842,2.53964817320534,0.332521787901519,0.692564708421326,8.96558187460171,0.140890161355573,-0.215792579461646,2.31806192118038,0.717156992781828,0.763292218294906,0.0643274869068048,38000
0.0536535735210146,2.00590481178092,0.266897444867149,0.715231780331527,9.76362927258366,0.958972017351613,1.19948889877487,2.91876882978335,0.636043465576857,0.700955689446561,0.0860696660898284,42000
0.0555541510284633,2.58300929747467,0.275134505771782,1.75580663800141,9.36027857785695,-0.187090657349505,2.17334058887732,1.80099155460261,0.710897356123496,0.631210947725276,0.0608235166383168,44000
0.0576039092357089,2.02308853829564,0.287904804556851,1.97818533199397,9.75631956835105,0.405215073720198,0.135691269450266,1.95590107666505,0.687928521407037,0.473366949558568,0.0580827761004617,45000
0.061611225185821,3.43021620538877,0.352157615320174,1.29792642289943,9.83151132863036,1.322518702553,1.19014668107607,1.63892765751187,0.89752291352102,0.485347411513659,0.058706661471812,55000
0.0648139505658624,2.92053388993828,0.195159196198152,0.438242161487772,9.36191954866143,-0.0277662085755649,0.388273337918883,2.49820017603889,0.923834841933112,0.721057038772122,0.0827576062308143,56000
0.0604642600184064,2.48428285821526,0.207308925881135,0.376989016213604,9.27251963513995,0.711133718182993,0.592151816762982,2.82317311861796,0.765805632558609,0.597219501592154,0.0729626781331311,59000
0.0519436107874109,2.61194948036565,0.301679987844937,0.274768486878598,9.96722698835149,0.567667522275353,0.562744743017196,3.04852327463009,0.573926391871554,0.622307498359475,0.0761108288320134,61000
0.0587759890284341,2.1434668692154,0.422084605624914,0.787477847714198,9.10506397628073,-0.140104192572674,0.728075648957021,1.7773764953603,0.521023022922751,0.399529877659689,0.0530160432983557,62000
0.0551023646636518,2.20695567494446,0.260827891939397,0.617485073943009,9.06613428937755,-0.266738205248855,1.1934601937178,3.15092500847958,0.925407070053643,0.764545013837026,0.0928338867240223,64000
0.0605846779948456,1.29507652411793,0.218059523618793,0.440367759824081,9.86633035673561,-0.55230128689427,0.423369146371305,2.41606496380646,0.899211204086549,0.652804679555588,0.099366203743309,76000
0.0527423414013693,2.03591715550436,0.428028494624563,0.376051146445022,9.35594080445032,-0.467214697543219,0.79819491830363,1.9296231129578,0.866445033739024,0.537619678919834,0.0606325615646933,78000
0.0550059331371174,2.15546705677312,0.384083520559542,0.783286358952047,10.1250933797499,-0.0922200371404323,-0.153218411720804,1.84343829880836,0.276030703416672,0.283362481930215,0.0710323822515053,82000
0.0515640264840891,1.34386517447212,0.355391903634591,0.368167925574364,9.44409901880327,-0.164911610650524,0.243674668401167,1.74082704198013,0.756634873929489,0.431149226841239,0.0612248478019808,83000
0.0503281646836234,1.44519250360333,0.321962053606211,0.849401640032644,8.64934733379793,-0.126862446744034,-0.0783733502003182,3.07045194243607,0.523262437489063,0.328887276264108,0.096142217072076,84000
0.0389185494865693,1.78414731217302,0.333653286854241,1.51206797529843,10.5449526225129,0.519137147531641,1.00068269891547,2.18468982702914,0.371445666512899,0.396991705308142,0.0737977754107728,86000
0.0632788865034151,2.102082337761,0.231656007913979,0.653453204552081,9.8313641432608,-0.436576588669132,0.233621595353913,2.07914080917366,0.915054995932599,0.416404223263988,0.082245608255569,124153
0.0657596832071761,1.20755394555836,0.245422204164026,0.26707840170631,9.67804239252395,-0.0610403091627433,0.963113944303799,2.24849618438713,0.917678588986358,0.631747217924734,0.0832654224557109,133000
0.0583707988985575,3.31789456713001,0.257643349541377,0.776213773874193,9.88350766505757,1.32053605992226,-0.0193035080526972,1.21264160996117,0.673999714303905,0.310845602302996,0.0467534141944232,220000
0.0569315001023468,2.60935646395885,0.302533517868873,0.140390761988832,9.69951487295143,-0.23701511255214,0.341677422703538,2.69101081777189,0.59268601369674,0.632815815370994,0.0821120760695672,221000
0.0534844602796211,1.79198781809284,0.539226002163092,0.833725467503588,9.38247116362083,1.12434329246096,0.864755239295582,2.4600024126815,0.850078401476984,0.746964228910315,0.0805427944931841,224000
0.0475114069704882,2.5348131950226,0.345969721962791,0.474656189648809,9.53756646556775,1.33709294092129,0.99307177723114,2.78695211976909,0.452167176214096,0.461587600122262,0.0761136663993452,229000
0.0553535641462154,1.73268896690433,0.396959335682075,1.11023598246073,10.4125892356954,0.228262431291255,0.54774537554559,1.35351214038904,0.822101016402835,0.332021933170402,0.053527953418191,238000
